Workbook

Sheet AM
A1: TRANSPORTATION TYPE FOR SHIPPING VOLUME (AMTOPP)
A4: Product | B4: Transportation | C4: 20/01 | E4: 20/02 | G4: 20/03 | I4: 20/04 | K4: 20/05 | M4: 20/06 | O4: 20/07 | Q4: 20/08 | S4: 20/09 | U4: 20/10 | W4: 20/11 | Y4: 20/12 | AA4: 21/01 | AC4: 21/02 | AE4: 21/03 | AG4: 21/04 | AI4: 21/05 | AK4: 21/06 | AM4: 21/07 | AO4: 21/08 | AQ4: 21/09 | AS4: 21/10 | AU4: 21/11 | AW4: 21/12 | AY4: 22/01 | BA4: 22/02 | BC4: 22/03 | BE4: 22/04 | BG4: 22/05 | BI4: 22/06 | BK4: 22/07 | BM4: 22/08 | BO4: 22/09 | BQ4: 22/10 | BS4: 22/11 | BU4: 22/12 | BW4: 23/01 | BY4: 23/02 | CA4: 23/03 | CC4: 23/04 | CE4: 23/05 | CG4: 23/06 | CI4: 23/07 | CK4: 23/08 | CM4: 23/09 | CO4: 23/10 | CQ4: 23/11 | CS4: 23/12 | CU4: 24/01 | CW4: 24/02 | CY4: 24/03 | DA4: 24/04 | DC4: 24/05 | DE4: 24/06 | DG4: 24/07 | DI4: 24/08 | DK4: 24/09 | DM4: 24/10 | DO4: 24/11 | DQ4: 24/12 | DS4: 25/01 | DU4: 25/02 | DW4: 25/03 | DY4: 25/04 | EA4: 25/05 | EC4: 25/06 | EE4: 25/07 | EG4: 25/08 | EI4: 25/09 | EK4: 25/10 | EM4: 25/11 | EO4: 25/12 | EQ4: 26/01 | ES4: 26/02 | EU4: 2026 YTD-Avg
B5: Type | C5: Weight | D5: % | E5: Weight | F5: % | G5: Weight | H5: % | I5: Weight | J5: % | K5: Weight | L5: % | M5: Weight | N5: % | O5: Weight | P5: % | Q5: Weight | R5: % | S5: Weight | T5: % | U5: Weight | V5: % | W5: Weight | X5: % | Y5: Weight | Z5: % | AA5: Weight | AB5: % | AC5: Weight | AD5: % | AE5: Weight | AF5: % | AG5: Weight | AH5: % | AI5: Weight | AJ5: % | AK5: Weight | AL5: % | AM5: Weight | AN5: % | AO5: Weight | AP5: % | AQ5: Weight | AR5: % | AS5: Weight | AT5: % | AU5: Weight | AV5: % | AW5: Weight | AX5: % | AY5: Weight | AZ5: % | BA5: Weight | BB5: % | BC5: Weight | BD5: % | BE5: Weight | BF5: % | BG5: Weight | BH5: % | BI5: Weight | BJ5: % | BK5: Weight | BL5: % | BM5: Weight | BN5: % | BO5: Weight | BP5: % | BQ5: Weight | BR5: % | BS5: Weight | BT5: % | BU5: Weight | BV5: % | BW5: Weight | BX5: % | BY5: Weight | BZ5: % | CA5: Weight | CB5: % | CC5: Weight | CD5: % | CE5: Weight | CF5: % | CG5: Weight | CH5: % | CI5: Weight | CJ5: % | CK5: Weight | CL5: % | CM5: Weight | CN5: % | CO5: Weight | CP5: % | CQ5: Weight | CR5: % | CS5: Weight | CT5: % | CU5: Weight | CV5: % | CW5: Weight | CX5: % | CY5: Weight | CZ5: % | DA5: Weight | DB5: % | DC5: Weight | DD5: % | DE5: Weight | DF5: % | DG5: Weight | DH5: % | DI5: Weight | DJ5: % | DK5: Weight | DL5: % | DM5: Weight | DN5: % | DO5: Weight | DP5: % | DQ5: Weight | DR5: % | DS5: Weight | DT5: % | DU5: Weight | DV5: % | DW5: Weight | DX5: % | DY5: Weight | DZ5: % | EA5: Weight | EB5: % | EC5: Weight | ED5: % | EE5: Weight | EF5: % | EG5: Weight | EH5: % | EI5: Weight | EJ5: % | EK5: Weight | EL5: % | EM5: Weight | EN5: % | EO5: Weight | EP5: % | EQ5: Weight | ER5: % | ES5: Weight | ET5: % | EU5: Weight | EV5: % | EX5: Type | EZ5: Space
B6: Intermodal | C6: 0 | D6: 0 | E6: 0 | F6: 0 | G6: 0 | H6: 0 | I6: 0 | J6: 0 | K6: 0 | L6: 0 | M6: 0 | N6: 0 | O6: 0 | P6: 0 | Q6: 0 | R6: 0 | S6: 0 | T6: 0 | U6: 0 | V6: 0 | W6: 0 | X6: 0 | Y6: 74629 | Z6: 0.0051750584 | AA6: 37449 | AB6: 0.0021498628 | AC6: 0 | AD6: 0 | AE6: 0 | AF6: 0 | AG6: 0 | AH6: 0 | AI6: 0 | AJ6: 0 | AK6: 0 | AL6: 0 | AM6: 0 | AN6: 0 | AO6: 0 | AP6: 0 | AQ6: 0 | AR6: 0 | AS6: 0 | AT6: 0 | AU6: 0 | AV6: 0 | AW6: 0 | AX6: 0 | AY6: 0 | AZ6: 0 | BA6: 0 | BB6: 0 | BC6: 0 | BD6: 0 | BE6: 0 | BF6: 0 | BG6: 0 | BH6: 0 | BI6: 0 | BJ6: 0 | BK6: 0 | BL6: 0 | BM6: 0 | BN6: 0 | BO6: 0 | BP6: 0 | BQ6: 0 | BR6: 0 | BS6: 0 | BT6: 0 | BU6: 0 | BV6: 0 | BW6: 0 | BX6: 0 | BY6: 0 | BZ6: 0 | CA6: 0 | CB6: 0 | CC6: 0 | CD6: 0 | CE6: 0 | CF6: 0 | CG6: 0 | CH6: 0 | CI6: 0 | CJ6: 0 | CK6: 0 | CL6: 0 | CM6: 0 | CN6: 0 | CO6: 0 | CP6: 0 | CQ6: 0 | CR6: 0 | CS6: 0 | CT6: 0 | CU6: 0 | CV6: 0 | CW6: 0 | CX6: 0 | CY6: 0 | CZ6: 0 | DA6: 0 | DB6: 0 | DC6: 0 | DD6: 0 | DE6: 0 | DF6: 0 | DG6: 0 | DH6: 0 | DI6: 0 | DJ6: 0 | DK6: 0 | DL6: 0 | DM6: 0 | DN6: 0 | DO6: 0 | DP6: 0 | DQ6: 0 | DR6: 0 | DS6: 0 | DT6: 0 | DU6: 0 | DV6: 0 | DW6: 0 | DX6: 0 | DY6: 0 | DZ6: 0 | EA6: 0 | EB6: 0 | EC6: 0 | ED6: 0 | EE6: 0 | EF6: 0 | EG6: 0 | EH6: 0 | EI6: 0 | EJ6: 0 | EK6: 0 | EL6: 0 | EM6: 0 | EN6: 0 | EO6: 0 | EP6: 0 | EQ6: 0 | ER6: 0 | ES6: =+$EY6 -> 0 | ET6: =ES6/ES13 -> 0 | EU6: =IF( SUM($EQ6:ES6)<0, "n/a", SUM($EQ6:ES6)/EU$74) -> 0 | EV6: =EU6/EU13 -> 0 | EX6: AMBI | EY6: =IF(ISERROR(VLOOKUP(EX6,IQSH01E!$A$1:$M$400,2,0)),0,VLOOKUP(EX6,IQSH01E!$A$1:$M$400,2,0)) -> 0 | EZ6: no
B7: FTL | C7: 17926960 | D7: 0.94436455 | E7: 14757649 | F7: 0.92598855 | G7: 18016503 | H7: 0.93788087 | I7: 20241203 | J7: 0.9719894 | K7: 17563611 | L7: 0.96731644 | M7: 16544199 | N7: 0.94564455 | O7: 19119684 | P7: 0.92215143 | Q7: 17440860 | R7: 0.9234138 | S7: 16221820 | T7: 0.88934773 | U7: 14767751 | V7: 0.89908923 | W7: 12597716 | X7: 0.9106403 | Y7: 13079418 | Z7: 0.90697654 | AA7: 16339316 | AB7: 0.93800336 | AC7: 12209783 | AD7: 0.91449082 | AE7: 10897719 | AF7: 0.90107998 | AG7: 15419469 | AH7: 0.94789939 | AI7: 14387713 | AJ7: 0.92196141 | AK7: 11868724 | AL7: 0.89870219 | AM7: 14270149 | AN7: 0.94123838 | AO7: 13769270 | AP7: 0.96331196 | AQ7: 14072832 | AR7: 0.94554686 | AS7: 14038582 | AT7: 0.96043977 | AU7: 14699148 | AV7: 0.96509261 | AW7: 14322845 | AX7: 0.95562867 | AY7: 14395924 | AZ7: 0.95991609 | BA7: 13011428 | BB7: 0.94883497 | BC7: 16081880 | BD7: 0.94503862 | BE7: 15064453 | BF7: 0.95105683 | BG7: 14718908 | BH7: 0.93858394 | BI7: 15878802 | BJ7: 0.93071118 | BK7: 13620471 | BL7: 0.92851367 | BM7: 13541155 | BN7: 0.92552832 | BO7: 13392133 | BP7: 0.94825397 | BQ7: 12948095 | BR7: 0.89412537 | BS7: 12326265 | BT7: 0.91283468 | BU7: 9917416 | BV7: 0.905166 | BW7: 13127731 | BX7: 0.92829391 | BY7: 10939993 | BZ7: 0.92906917 | CA7: 14198672 | CB7: 0.93040259 | CC7: 10525066 | CD7: 0.94890402 | CE7: 12518070 | CF7: 0.95415544 | CG7: 11553940 | CH7: 0.91770114 | CI7: 11196745 | CJ7: 0.95451912 | CK7: 12662929 | CL7: 0.93925445 | CM7: 11987003 | CN7: 0.95242334 | CO7: 11670626 | CP7: 0.94901887 | CQ7: 12202598 | CR7: 0.95833617 | CS7: 10634147 | CT7: 0.94814603 | CU7: 14109935 | CV7: 0.94703506 | CW7: 11965010 | CX7: 0.9573238 | CY7: 13077374 | CZ7: 0.948332 | DA7: 14596481 | DB7: 0.94974717 | DC7: 14318378 | DD7: 0.93990664 | DE7: 13655036 | DF7: 0.96243592 | DG7: 13912251 | DH7: 0.95450414 | DI7: 14358254 | DJ7: 0.97088033 | DK7: 13299292 | DL7: 0.92273949 | DM7: 12533567 | DN7: 0.92305877 | DO7: 10506830 | DP7: 0.95381896 | DQ7: 12522037 | DR7: 0.95228099 | DS7: 12167480 | DT7: 0.95139447 | DU7: 11294806 | DV7: 0.94330762 | DW7: 11957761 | DX7: 0.94320035 | DY7: 11187257 | DZ7: 0.95760157 | EA7: 11395304 | EB7: 0.93657605 | EC7: 9631958 | ED7: 0.95044257 | EE7: 9911399 | EF7: 0.92687996 | EG7: 10989846 | EH7: 0.94528414 | EI7: 11856096 | EJ7: 0.97763247 | EK7: 10866329 | EL7: 0.96234294 | EM7: 8568924 | EN7: 0.97460566 | EO7: 9066698 | EP7: 0.94328364 | EQ7: 9797301 | ER7: 0.9333691 | ES7: =+$EY7 -> 9575398 | ET7: =ES7/ES13 -> 0.94442756 | EU7: =IF( SUM($EQ7:ES7)<0, "n/a", SUM($EQ7:ES7)/EU$74) -> 9686350 | EV7: =EU7/EU13 -> 0.93880244 | EX7: All Others | EY7: =+EY16-EY15-EY14-EY6-EY9-EY10-EY11-EY12-EY8 -> 9575398
B8: Railcar | C8: 0 | D8: 0 | E8: 0 | F8: 0 | G8: 0 | H8: 0 | I8: 0 | J8: 0 | K8: 0 | L8: 0 | M8: 0 | N8: 0 | O8: 0 | P8: 0 | Q8: 0 | R8: 0 | S8: 0 | T8: 0 | U8: 0 | V8: 0 | W8: 0 | X8: 0 | Y8: 0 | Z8: 0 | AA8: 0 | AB8: 0 | AC8: 0 | AD8: 0 | AE8: 0 | AF8: 0 | AG8: 0 | AH8: 0 | AI8: 0 | AJ8: 0 | AK8: 0 | AL8: 0 | AM8: 0 | AN8: 0 | AO8: 0 | AP8: 0 | AQ8: 0 | AR8: 0 | AS8: 0 | AT8: 0 | AU8: 0 | AV8: 0 | AW8: 0 | AX8: 0 | AY8: 0 | AZ8: 0 | BA8: 0 | BB8: 0 | BC8: 0 | BD8: 0 | BE8: 0 | BF8: 0 | BG8: 0 | BH8: 0 | BI8: 0 | BJ8: 0 | BK8: 0 | BL8: 0 | BM8: 0 | BN8: 0 | BO8: 0 | BP8: 0 | BQ8: 0 | BR8: 0 | BS8: 0 | BT8: 0 | BU8: 0 | BV8: 0 | BW8: 0 | BX8: 0 | BY8: 0 | BZ8: 0 | CA8: 0 | CB8: 0 | CC8: 0 | CD8: 0 | CE8: 0 | CF8: 0 | CG8: 0 | CH8: 0 | CI8: 0 | CJ8: 0 | CK8: 0 | CL8: 0 | CM8: 0 | CN8: 0 | CO8: 0 | CP8: 0 | CQ8: 0 | CR8: 0 | CS8: 0 | CT8: 0 | CU8: 0 | CV8: 0 | CW8: 0 | CX8: 0 | CY8: 0 | CZ8: 0 | DA8: 0 | DB8: 0 | DC8: 0 | DD8: 0 | DE8: 0 | DF8: 0 | DG8: 0 | DH8: 0 | DI8: 0 | DJ8: 0 | DK8: 0 | DL8: 0 | DM8: 0 | DN8: 0 | DO8: 0 | DP8: 0 | DQ8: 0 | DR8: 0 | DS8: 0 | DT8: 0 | DU8: 0 | DV8: 0 | DW8: 0 | DX8: 0 | DY8: 0 | DZ8: 0 | EA8: 0 | EB8: 0 | EC8: 0 | ED8: 0 | EE8: 0 | EF8: 0 | EG8: 0 | EH8: 0 | EI8: 0 | EJ8: 0 | EK8: 0 | EL8: 0 | EM8: 0 | EN8: 0 | EO8: 0 | EP8: 0 | EQ8: 0 | ER8: 0 | ES8: =+$EY8 -> 0 | ET8: =ES8/ES13 -> 0 | EU8: =IF( SUM($EQ8:ES8)<0, "n/a", SUM($EQ8:ES8)/EU$74) -> 0 | EV8: =EU8/EU13 -> 0 | EX8: AMB RC | EY8: =IF(ISERROR(VLOOKUP(EX8,IQSH01E!$A$1:$M$400,2,0)),0,VLOOKUP(EX8,IQSH01E!$A$1:$M$400,2,0)) -> 0 | EZ8: 2 spaces
B9: LTL | C9: 308616 | D9: 0.016257414 | E9: 208608 | F9: 0.01308939 | G9: 295848 | H9: 0.01540089 | I9: 389602 | J9: 0.01870882 | K9: 251722 | L9: 0.013863597 | M9: 314430 | N9: 0.017972403 | O9: 368155 | P9: 0.01775629 | Q9: 331899 | R9: 0.017572535 | S9: 488051 | T9: 0.026756988 | U9: 610068 | V9: 0.037142119 | W9: 477027 | X9: 0.034482442 | Y9: 512781 | Z9: 0.035558183 | AA9: 327005 | AB9: 0.018772621 | AC9: 348770 | AD9: 0.026122247 | AE9: 477903 | AF9: 0.039515502 | AG9: 379079 | AH9: 0.023303575 | AI9: 372609 | AJ9: 0.023876701 | AK9: 450811 | AL9: 0.034135501 | AM9: 545091 | AN9: 0.035953414 | AO9: 329851 | AP9: 0.023076707 | AQ9: 392295 | AR9: 0.026358114 | AS9: 382415 | AT9: 0.026162655 | AU9: 257945 | AV9: 0.016935731 | AW9: 396921 | AX9: 0.026482803 | AY9: 245984 | AZ9: 0.016402143 | BA9: 287236 | BB9: 0.020946168 | BC9: 392906 | BD9: 0.023088802 | BE9: 338374 | BF9: 0.021362402 | BG9: 303251 | BH9: 0.019337475 | BI9: 354265 | BJ9: 0.02076469 | BK9: 269449 | BL9: 0.01836846 | BM9: 357509 | BN9: 0.024435486 | BO9: 259589 | BP9: 0.018380664 | BQ9: 337199 | BR9: 0.023285138 | BS9: 248594 | BT9: 0.018409893 | BU9: 262899 | BV9: 0.023994883 | BW9: 240751 | BX9: 0.017024091 | BY9: 169317 | BZ9: 0.014379096 | CA9: 322774 | CB9: 0.021150553 | CC9: 273458 | CD9: 0.02465404 | CE9: 319066 | CF9: 0.024319928 | CG9: 348652 | CH9: 0.027692574 | CI9: 259715 | CJ9: 0.022140625 | CK9: 282685 | CL9: 0.020967751 | CM9: 217317 | CN9: 0.01726685 | CO9: 203753 | CP9: 0.016568558 | CQ9: 214739 | CR9: 0.016864618 | CS9: 155566 | CT9: 0.013870345 | CU9: 161940 | CV9: 0.01086914 | CW9: 211993 | CX9: 0.016961619 | CY9: 206988 | CZ9: 0.01501015 | DA9: 274571 | DB9: 0.017865473 | DC9: 254356 | DD9: 0.016696786 | DE9: 236661 | DF9: 0.01668037 | DG9: 155041 | DH9: 0.010637191 | DI9: 166806 | DJ9: 0.011279134 | DK9: 145714 | DL9: 0.010110017 | DM9: 264581 | DN9: 0.019485579 | DO9: 266475 | DP9: 0.024190827 | DQ9: 171161 | DR9: 0.013016522 | DS9: 193870 | DT9: 0.015159001 | DU9: 227913 | DV9: 0.019034596 | DW9: 265422 | DX9: 0.020935869 | DY9: 216415 | DZ9: 0.01852459 | EA9: 216738 | EB9: 0.017813621 | EC9: 159328 | ED9: 0.015721841 | EE9: 130887 | EF9: 0.012240102 | EG9: 215728 | EH9: 0.018555697 | EI9: 151079 | EJ9: 0.012457704 | EK9: 191453 | EL9: 0.016955445 | EM9: 113111 | EN9: 0.012864932 | EO9: 158918 | EP9: 0.016533555 | EQ9: 160597 | ER9: 0.015299752 | ES9: =+$EY9 -> 206233 | ET9: =ES9/ES13 -> 0.020340891 | EU9: =IF( SUM($EQ9:ES9)<0, "n/a", SUM($EQ9:ES9)/EU$74) -> 183415.01 | EV9: =EU9/EU13 -> 0.017776609 | EX9: AMB L | EY9: =IF(ISERROR(VLOOKUP(EX9,IQSH01E!$A$1:$M$400,2,0)),0,VLOOKUP(EX9,IQSH01E!$A$1:$M$400,2,0)) -> 206233 | EZ9: 1 space
B10: Export | C10: 734203 | D10: 0.038676679 | E10: 960281 | F10: 0.060254124 | G10: 890325 | H10: 0.04634744 | I10: 189422 | J10: 0.0090961084 | K10: 289729 | L10: 0.015956834 | M10: 628390 | N10: 0.035917942 | O10: 1232639 | P10: 0.059450764 | Q10: 1110142 | R10: 0.058776944 | S10: 1523341 | T10: 0.083515898 | U10: 1035547 | V10: 0.063046103 | W10: 751933 | X10: 0.054354337 | Y10: 747907 | Z10: 0.051862713 | AA10: 709138 | AB10: 0.040710017 | AC10: 786952 | AD10: 0.058941291 | AE10: 708372 | AF10: 0.058571875 | AG10: 461298 | AH10: 0.028357922 | AI10: 841299 | AJ10: 0.05391025 | AK10: 882264 | AL10: 0.066805209 | AM10: 340715 | AN10: 0.022473068 | AO10: 189050 | AP10: 0.013226128 | AQ10: 418146 | AR10: 0.02809503 | AS10: 191320 | AT10: 0.013089024 | AU10: 270601 | AV10: 0.017766678 | AW10: 263567 | AX10: 0.017585346 | AY10: 349008 | AZ10: 0.023271754 | BA10: 412060 | BB10: 0.030048734 | BC10: 533661 | BD10: 0.031360155 | BE10: 433203 | BF10: 0.027349196 | BG10: 620090 | BH10: 0.039541419 | BI10: 809420 | BJ10: 0.047442889 | BK10: 774601 | BL10: 0.052804901 | BM10: 726886 | BN10: 0.049682142 | BO10: 457657 | BP10: 0.032405224 | BQ10: 1187749 | BR10: 0.082019518 | BS10: 913902 | BT10: 0.067679986 | BU10: 770476 | BV10: 0.070321612 | BW10: 769665 | BX10: 0.054424891 | BY10: 658854 | BZ10: 0.05595259 | CA10: 731322 | CB10: 0.047921656 | CC10: 266825 | CD10: 0.024056031 | CE10: 268493 | CF10: 0.02046514 | CG10: 683839 | CH10: 0.054315656 | CI10: 269412 | CJ10: 0.022967291 | CK10: 532727 | CL10: 0.039514255 | CM10: 371605 | CN10: 0.029525752 | CO10: 421100 | CP10: 0.034242537 | CQ10: 306002 | CR10: 0.024031996 | CS10: 419666 | CT10: 0.037417637 | CU10: 612193 | CV10: 0.041089362 | CW10: 307220 | CX10: 0.024580758 | CY10: 494734 | CZ10: 0.035876628 | DA10: 491195 | DB10: 0.031960516 | DC10: 651799 | DD10: 0.042786286 | DE10: 291372 | DF10: 0.020536517 | DG10: 496528 | DH10: 0.034066236 | DI10: 260111 | DJ10: 0.017588256 | DK10: 962039 | DL10: 0.066748769 | DM10: 765616 | DN10: 0.05638527 | DO10: 228878 | DP10: 0.02077774 | DQ10: 453068 | DR10: 0.034455101 | DS10: 424836 | DT10: 0.033218598 | DU10: 449007 | DV10: 0.03749969 | DW10: 442051 | DX10: 0.034867954 | DY10: 270330 | DZ10: 0.02313958 | EA10: 533847 | EB10: 0.043876698 | EC10: 341323 | ED10: 0.03368037 | EE10: 644507 | EF10: 0.060272079 | EG10: 412282 | EH10: 0.035462156 | EI10: 114601 | EJ10: 0.0094497935 | EK10: 225346 | EL10: 0.019957074 | EM10: 69439 | EN10: 0.0078977994 | EO10: 377281 | EP10: 0.039251665 | EQ10: 529372 | ER10: 0.050432202 | ES10: =+$EY10 -> 341095 | ET10: =ES10/ES13 -> 0.033642415 | EU10: =IF( SUM($EQ10:ES10)<0, "n/a", SUM($EQ10:ES10)/EU$74) -> 435233.53 | EV10: =EU10/EU13 -> 0.042182896 | EX10: AMBE | EY10: =IF(ISERROR(VLOOKUP(EX10,IQSH01E!$A$1:$M$400,2,0)),0,VLOOKUP(EX10,IQSH01E!$A$1:$M$400,2,0)) -> 341095 | EZ10: no
A11: BOPP | B11: Sample | C11: 13314 | D11: 0.00070136094 | E11: 10645 | F11: 0.00066793485 | G11: 7123 | H11: 0.00037080034 | I11: 4283 | J11: 0.00020567111 | K11: 51986 | L11: 0.0028631306 | M11: 8137 | N11: 0.00046510017 | O11: 13301 | P11: 0.00064151354 | Q11: 4471 | R11: 0.00023671901 | S11: 6920 | T11: 0.00037938322 | U11: 11868 | V11: 0.00072254678 | W11: 7234 | X11: 0.00052291796 | Y11: 6165 | Z11: 0.00042750452 | AA11: 6343 | AB11: 0.00036413736 | AC11: 5950 | AD11: 0.00044564431 | AE11: 10070 | AF11: 0.00083263989 | AG11: 7143 | AH11: 0.00043911015 | AI11: 3927 | AJ11: 0.00025164128 | AK11: 4716 | AL11: 0.00035709648 | AM11: 5081 | AN11: 0.00033513541 | AO11: 5506 | AP11: 0.00038520529 | AQ11: 0 | AR11: 0 | AS11: 4510 | AT11: 0.0003085485 | AU11: 3122 | AV11: 0.00020497917 | AW11: 4544 | AX11: 0.00030317836 | AY11: 6149 | AZ11: 0.00041001356 | BA11: 2333 | BB11: 0.00017012983 | BC11: 8720 | BD11: 0.00051242372 | BE11: 3668 | BF11: 0.00023157007 | BG11: 39788 | BH11: 0.0025371704 | BI11: 18447 | BJ11: 0.0010812421 | BK11: 4591 | BL11: 0.00031297055 | BM11: 5180 | BN11: 0.00035404932 | BO11: 13560 | BP11: 0.0009601401 | BQ11: 8254 | BR11: 0.00056997657 | BS11: 14522 | BT11: 0.0010754422 | BU11: 5670 | BV11: 0.00051750287 | BW11: 3636 | BX11: 0.00025711044 | BY11: 7055 | BZ11: 0.0005991396 | CA11: 8015 | CB11: 0.00052520241 | CC11: 26464 | CD11: 0.0023859039 | CE11: 13900 | CF11: 0.0010594893 | CG11: 3659 | CH11: 0.0002906254 | CI11: 4375 | CJ11: 0.00037296742 | CK11: 3553 | CL11: 0.00026353864 | CM11: 9868 | CN11: 0.00078405866 | CO11: 2091 | CP11: 0.00017003359 | CQ11: 9769 | CR11: 0.00076721253 | CS11: 6348 | CT11: 0.00056599095 | CU11: 14995 | CV11: 0.0010064391 | CW11: 14171 | CX11: 0.0011338257 | CY11: 10773 | CZ11: 0.0007812257 | DA11: 6560 | DB11: 0.0004268386 | DC11: 9297 | DD11: 0.00061028645 | DE11: 4926 | DF11: 0.00034719493 | DG11: 11550 | DH11: 0.00079243271 | DI11: 3731 | DJ11: 0.00025228377 | DK11: 5790 | DL11: 0.00040172527 | DM11: 14534 | DN11: 0.0010703845 | DO11: 13356 | DP11: 0.001212469 | DQ11: 3253 | DR11: 0.00024738547 | DS11: 2915 | DT11: 0.00022792845 | DU11: 1893 | DV11: 0.00015809756 | DW11: 12625 | DX11: 0.00099583061 | DY11: 8578 | DZ11: 0.00073425562 | EA11: 21093 | EB11: 0.0017336263 | EC11: 1573 | ED11: 0.00015521726 | EE11: 6500 | EF11: 0.00060785765 | EG11: 8115 | EH11: 0.00069800621 | EI11: 5579 | EJ11: 0.00046003436 | EK11: 8407 | EL11: 0.00074454005 | EM11: 40722 | EN11: 0.0046316074 | EO11: 8950 | EP11: 0.00093114258 | EQ11: 9436 | ER11: 0.00089894868 | ES11: =+$EY11 -> 16112 | ET11: =ES11/ES13 -> 0.0015891367 | EU11: =IF( SUM($EQ11:ES11)<0, "n/a", SUM($EQ11:ES11)/EU$74) -> 12774 | EV11: =EU11/EU13 -> 0.001238058 | EX11: AMB F | EY11: =IF(ISERROR(VLOOKUP(EX11,IQSH01E!$A$1:$M$400,2,0)),0,VLOOKUP(EX11,IQSH01E!$A$1:$M$400,2,0)) -> 16112 | EZ11: 1 space
B12: Reconsignment | C12: 0 | D12: 0 | E12: 0 | F12: 0 | G12: 0 | H12: 0 | I12: 0 | J12: 0 | K12: 0 | L12: 0 | M12: 0 | N12: 0 | O12: 0 | P12: 0 | Q12: 0 | R12: 0 | S12: 0 | T12: 0 | U12: 0 | V12: 0 | W12: 0 | X12: 0 | Y12: 0 | Z12: 0 | AA12: 0 | AB12: 0 | AC12: 0 | AD12: 0 | AE12: 0 | AF12: 0 | AG12: 0 | AH12: 0 | AI12: 0 | AJ12: 0 | AK12: 0 | AL12: 0 | AM12: 0 | AN12: 0 | AO12: 0 | AP12: 0 | AQ12: 0 | AR12: 0 | AS12: 0 | AT12: 0 | AU12: 0 | AV12: 0 | AW12: 0 | AX12: 0 | AY12: 0 | AZ12: 0 | BA12: 0 | BB12: 0 | BC12: 0 | BD12: 0 | BE12: 0 | BF12: 0 | BG12: 0 | BH12: 0 | BI12: 0 | BJ12: 0 | BK12: 0 | BL12: 0 | BM12: 0 | BN12: 0 | BO12: 0 | BP12: 0 | BQ12: 0 | BR12: 0 | BS12: 0 | BT12: 0 | BU12: 0 | BV12: 0 | BW12: 0 | BX12: 0 | BY12: 0 | BZ12: 0 | CA12: 0 | CB12: 0 | CC12: 0 | CD12: 0 | CE12: 0 | CF12: 0 | CG12: 0 | CH12: 0 | CI12: 0 | CJ12: 0 | CK12: 0 | CL12: 0 | CM12: 0 | CN12: 0 | CO12: 0 | CP12: 0 | CQ12: 0 | CR12: 0 | CS12: 0 | CT12: 0 | CU12: 0 | CV12: 0 | CW12: 0 | CX12: 0 | CY12: 0 | CZ12: 0 | DA12: 0 | DB12: 0 | DC12: 0 | DD12: 0 | DE12: 0 | DF12: 0 | DG12: 0 | DH12: 0 | DI12: 0 | DJ12: 0 | DK12: 0 | DL12: 0 | DM12: 0 | DN12: 0 | DO12: 0 | DP12: 0 | DQ12: 0 | DR12: 0 | DS12: 0 | DT12: 0 | DU12: 0 | DV12: 0 | DW12: 0 | DX12: 0 | DY12: 0 | DZ12: 0 | EA12: 0 | EB12: 0 | EC12: 0 | ED12: 0 | EE12: 0 | EF12: 0 | EG12: 0 | EH12: 0 | EI12: 0 | EJ12: 0 | EK12: 0 | EL12: 0 | EM12: 0 | EN12: 0 | EO12: 0 | EP12: 0 | EQ12: 0 | ER12: 0 | ES12: =+$EY12 -> 0 | ET12: =ES12/ES13 -> 0 | EU12: =IF( SUM($EQ12:ES12)<0, "n/a", SUM($EQ12:ES12)/EU$74) -> 0 | EV12: =EU12/EU13 -> 0 | EX12: AMBR | EY12: =IF(ISERROR(VLOOKUP(EX12,IQSH01E!$A$1:$M$400,2,0)),0,VLOOKUP(EX12,IQSH01E!$A$1:$M$400,2,0)) -> 0 | EZ12: no
B13: Prepaid Total | C13: 18983093 | D13: 1 | E13: 15937183 | F13: 1 | G13: 19209799 | H13: 1 | I13: 20824510 | J13: 1 | K13: 18157048 | L13: 1 | M13: 17495156 | N13: 1 | O13: 20733779 | P13: 1 | Q13: 18887372 | R13: 1 | S13: 18240132 | T13: 1 | U13: 16425234 | V13: 1 | W13: 13833910 | X13: 1 | Y13: 14420900 | Z13: 1 | AA13: 17419251 | AB13: 1 | AC13: 13351455 | AD13: 1 | AE13: 12094064 | AF13: 1 | AG13: 16266989 | AH13: 1 | AI13: 15605548 | AJ13: 1 | AK13: 13206515 | AL13: 1 | AM13: 15161036 | AN13: 1 | AO13: 14293677 | AP13: 1 | AQ13: 14883273 | AR13: 1 | AS13: 14616827 | AT13: 1 | AU13: 15230816 | AV13: 1 | AW13: 14987877 | AX13: 1 | AY13: 14997065 | AZ13: 1 | BA13: 13713057 | BB13: 1 | BC13: 17017167 | BD13: 1 | BE13: 15839698 | BF13: 1 | BG13: 15682037 | BH13: 1 | BI13: 17060934 | BJ13: 1 | BK13: 14669112 | BL13: 1 | BM13: 14630730 | BN13: 1 | BO13: 14122939 | BP13: 1 | BQ13: 14481297 | BR13: 1 | BS13: 13503283 | BT13: 1 | BU13: 10956461 | BV13: 1 | BW13: 14141783 | BX13: 1 | BY13: 11775219 | BZ13: 1 | CA13: 15260783 | CB13: 1 | CC13: 11091813 | CD13: 1 | CE13: 13119529 | CF13: 1 | CG13: 12590090 | CH13: 1 | CI13: 11730247 | CJ13: 1 | CK13: 13481894 | CL13: 1 | CM13: 12585793 | CN13: 1 | CO13: 12297570 | CP13: 1 | CQ13: 12733108 | CR13: 1 | CS13: 11215727 | CT13: 1 | CU13: 14899063 | CV13: 1 | CW13: 12498394 | CX13: 1 | CY13: 13789869 | CZ13: 1 | DA13: 15368807 | DB13: 1 | DC13: 15233830 | DD13: 1 | DE13: 14187995 | DF13: 1 | DG13: 14575370 | DH13: 1 | DI13: 14788902 | DJ13: 1 | DK13: 14412835 | DL13: 1 | DM13: 13578298 | DN13: 1 | DO13: 11015539 | DP13: 1 | DQ13: 13149519 | DR13: 1 | DS13: 12789101 | DT13: 1 | DU13: 11973619 | DV13: 1 | DW13: 12677859 | DX13: 1 | DY13: 11682580 | DZ13: 1 | EA13: 12166982 | EB13: 1 | EC13: 10134182 | ED13: 1 | EE13: 10693293 | EF13: 1 | EG13: 11625971 | EH13: 1 | EI13: 12127355 | EJ13: 1 | EK13: 11291535 | EL13: 1 | EM13: 8792196 | EN13: 1 | EO13: 9611847 | EP13: 1 | EQ13: 10496706 | ER13: 1 | ES13: =SUM(ES6:ES12) -> 10138838 | ET13: =ES13/ES13 -> 1 | EU13: =IF( SUM($EQ13:ES13)<0, "n/a", SUM($EQ13:ES13)/EU$74) -> 10317772 | EV13: =EU13/EU13 -> 1 | EX13: <--sub-total | EY13: =IF(ISERROR(VLOOKUP(EX13,IQSH01E!$A$1:$M$400,2,0)),0,VLOOKUP(EX13,IQSH01E!$A$1:$M$400,2,0)) -> 0
B14: CPU (Lolita) | C14: 5653768 | E14: 5544713 | G14: 6537194 | I14: 6810598 | K14: 6468231.6 | M14: 6883904 | O14: 7093821.1 | Q14: 6752947 | S14: 6957022 | U14: 5547692 | W14: 5691593 | Y14: 7519782 | AA14: 4467588 | AC14: 5335139 | AE14: 5036998 | AG14: 3770097 | AI14: 5012428 | AK14: 5158826 | AM14: 3942653 | AO14: 4801601 | AQ14: 5264835 | AS14: 4275476 | AU14: 5463657 | AW14: 5205630 | AY14: 5769592 | BA14: 5320721 | BC14: 5968050 | BE14: 4333602 | BG14: 4146596 | BI14: 6235083 | BK14: 4892717 | BM14: 6292716 | BO14: 6712833 | BQ14: 7063107 | BS14: 4910750 | BU14: 3536263 | BW14: 6248750 | BY14: 4791092 | CA14: 6513822 | CC14: 4132551 | CE14: 5057896 | CG14: 5039634 | CI14: 5148549 | CK14: 4985148 | CM14: 4845554 | CO14: 4091919 | CQ14: 4050275 | CS14: 3645604 | CU14: 5353062 | CW14: 4832196 | CY14: 4780282 | DA14: 5723074 | DC14: 5954916 | DE14: 6882780 | DG14: 7448846 | DI14: 7016144 | DK14: 6194991 | DM14: 6638684 | DO14: 4317570 | DQ14: 6258554 | DS14: 5581152 | DU14: 4725010 | DW14: 6125898 | DY14: 5972935 | EA14: 5014065 | EC14: 5587070 | EE14: 5956801 | EG14: 5075601 | EI14: 6272797 | EK14: 5766853 | EM14: 4161933 | EO14: 6147926 | EQ14: 7522103 | ES14: =+$EY14 -> 4855434 | EU14: =IF( SUM($EQ14:ES14)<0, "n/a", SUM($EQ14:ES14)/EU$74) -> 6188768.5 | EX14: AMB C | EY14: =IF(ISERROR(VLOOKUP(EX14,IQSH01E!$A$1:$M$400,2,0)),0,VLOOKUP(EX14,IQSH01E!$A$1:$M$400,2,0)) -> 4855434 | EZ14: 1 space
B15: Wharehouse | C15: 1117689 | E15: 908985 | G15: 1353690 | I15: 900528 | K15: 813322 | M15: 925838 | O15: 1262388 | Q15: 922899 | S15: 417839 | U15: 374329 | W15: 291822 | Y15: 422641 | AA15: 491368 | AC15: 496550 | AE15: 324991 | AG15: 704065 | AI15: 1034418 | AK15: 1035594 | AM15: 314992 | AO15: 221458 | AQ15: 381600 | AS15: 230857 | AU15: 581177 | AW15: 645572 | AY15: 899557 | BA15: 797185 | BC15: 1145458 | BE15: 884424 | BG15: 999199 | BI15: 1131623 | BK15: 1165090 | BM15: 1331563 | BO15: 953499 | BQ15: 1406257 | BS15: 1022813 | BU15: 1234312 | BW15: 1041298 | BY15: 1130394 | CA15: 1358598 | CC15: 1062974 | CE15: 789501 | CG15: 1424713 | CI15: 853728 | CK15: 1143529 | CM15: 931396 | CO15: 1304256 | CQ15: 1159200 | CS15: 770883 | CU15: 1148181 | CW15: 1190628 | CY15: 922059 | DA15: 1384194 | DC15: 1772736 | DE15: 1086206 | DG15: 1370164 | DI15: 1366852 | DK15: 951201 | DM15: 1323887 | DO15: 841083 | DQ15: 1219141 | DS15: 1256923 | DU15: 1214948 | DW15: 1231548 | DY15: 1331002 | EA15: 1295714 | EC15: 1573758 | EE15: 1453376 | EG15: 892725 | EI15: 1242189 | EK15: 1247196 | EM15: 694732 | EO15: 830698 | EQ15: 839845 | ES15: =+$EY15 -> 667697 | EU15: =IF( SUM($EQ15:ES15)<0, "n/a", SUM($EQ15:ES15)/EU$74) -> 753771 | EX15: AMB OS | EY15: =IF(ISERROR(VLOOKUP(EX15,IQSH01E!$A$1:$M$400,2,0)),0,VLOOKUP(EX15,IQSH01E!$A$1:$M$400,2,0)) -> 667697 | EZ15: 2 spaces
B16: Grand Total | C16: 25754550 | E16: 22390881 | G16: 27100683 | I16: 28535636 | K16: 25438602 | M16: 25304898 | O16: 29089988 | Q16: 26563218 | S16: 25614993 | U16: 22347255 | W16: 19817325 | Y16: 22363323 | AA16: 22378207 | AC16: 19183144 | AE16: 17456053 | AG16: 20741151 | AI16: 21652394 | AK16: 19400935 | AM16: 19418681 | AO16: 19316736 | AQ16: 20529708 | AS16: 19123160 | AU16: 21275650 | AW16: 20839079 | AY16: 21666214 | BA16: 19830963 | BC16: 24130675 | BE16: 21057724 | BG16: 20827832 | BI16: 24427640 | BK16: 20726919 | BM16: 22255009 | BO16: 21789271 | BQ16: 22950661 | BS16: 19436846 | BU16: 15727036 | BW16: 21431831 | BY16: 17696705 | CA16: 23133203 | CC16: 16287338 | CE16: 18966926 | CG16: 19054437 | CI16: 17732524 | CK16: 19610571 | CM16: 18362743 | CO16: 17693745 | CQ16: 17942583 | CS16: 15632214 | CU16: 21400306 | CW16: 18521218 | CY16: 19492210 | DA16: 22476075 | DC16: 22961482 | DE16: 22156981 | DG16: 23394380 | DI16: 23171898 | DK16: 21559027 | DM16: 21540869 | DO16: 16174192 | DQ16: 20627214 | DS16: 19627176 | DU16: 17913577 | DW16: 20035305 | DY16: 18986517 | EA16: 18476761 | EC16: 17295010 | EE16: 18103470 | EG16: 17594297 | EI16: 19642341 | EK16: 18305584 | EM16: 13648861 | EO16: 16590471 | EQ16: 18858654 | ES16: =SUM(ES13:ES15) -> 15661969 | EU16: =IF( SUM($EQ16:ES16)<0, "n/a", SUM($EQ16:ES16)/EU$74) -> 17260312 | EX16: AMB T | EY16: =IF(ISERROR(VLOOKUP(EX16,IQSH01E!$A$1:$M$400,2,0)),0,VLOOKUP(EX16,IQSH01E!$A$1:$M$400,2,0)) -> 15661969 | EZ16: 1 space
B17: Intermodal | C17: 186858 | D17: 0.010327842 | E17: 484266 | F17: 0.027981993 | G17: 226131 | H17: 0.013327004 | I17: 151404 | J17: 0.011655996 | K17: 0 | L17: 0 | M17: 146479 | N17: 0.010083039 | O17: 75917 | P17: 0.004413117 | Q17: 205969 | R17: 0.012720415 | S17: 183644 | T17: 0.009907815 | U17: 35268 | V17: 0.0019086214 | W17: 0 | X17: 0 | Y17: 0 | Z17: 0 | AA17: 76557 | AB17: 0.0042079204 | AC17: 96188 | AD17: 0.0063729918 | AE17: 74898 | AF17: 0.0035289073 | AG17: 38157 | AH17: 0.0020129424 | AI17: 38400 | AJ17: 0.002429303 | AK17: 33998 | AL17: 0.0016353544 | AM17: 0 | AN17: 0 | AO17: 38586 | AP17: 0.0020451065 | AQ17: 0 | AR17: 0 | AS17: 0 | AT17: 0 | AU17: 0 | AV17: 0 | AW17: 0 | AX17: 0 | AY17: 0 | AZ17: 0 | BA17: 0 | BB17: 0 | BC17: 0 | BD17: 0 | BE17: 0 | BF17: 0 | BG17: 0 | BH17: 0 | BI17: 0 | BJ17: 0 | BK17: 0 | BL17: 0 | BM17: 0 | BN17: 0 | BO17: 0 | BP17: 0 | BQ17: 0 | BR17: 0 | BS17: 0 | BT17: 0 | BU17: 0 | BV17: 0 | BW17: 0 | BX17: 0 | BY17: 0 | BZ17: 0 | CA17: 0 | CB17: 0 | CC17: 0 | CD17: 0 | CE17: 0 | CF17: 0 | CG17: 0 | CH17: 0 | CI17: 0 | CJ17: 0 | CK17: 0 | CL17: 0 | CM17: 0 | CN17: 0 | CO17: 0 | CP17: 0 | CQ17: 0 | CR17: 0 | CS17: 0 | CT17: 0 | CU17: 0 | CV17: 0 | CW17: 0 | CX17: 0 | CY17: 0 | CZ17: 0 | DA17: 0 | DB17: 0 | DC17: 0 | DD17: 0 | DE17: 0 | DF17: 0 | DG17: 0 | DH17: 0 | DI17: 0 | DJ17: 0 | DK17: 0 | DL17: 0 | DM17: 0 | DN17: 0 | DO17: 0 | DP17: 0 | DQ17: 0 | DR17: 0 | DS17: 0 | DT17: 0 | DU17: 0 | DV17: 0 | DW17: 0 | DX17: 0 | DY17: 0 | DZ17: 0 | EA17: 0 | EB17: 0 | EC17: 0 | ED17: 0 | EE17: 0 | EF17: 0 | EG17: 0 | EH17: 0 | EI17: 0 | EJ17: 0 | EK17: 0 | EL17: 0 | EM17: 0 | EN17: 0 | EO17: 0 | EP17: 0 | EQ17: 0 | ER17: 0 | ES17: =+$EY17 -> 0 | ET17: =ES17/ES24 -> 0 | EU17: =IF( SUM($EQ17:ES17)<0, "n/a", SUM($EQ17:ES17)/EU$74) -> 0 | EV17: =EU17/EU24 -> 0 | EX17: AMWI | EY17: =IF(ISERROR(VLOOKUP(EX17,IQSH01E!$A$1:$M$400,2,0)),0,VLOOKUP(EX17,IQSH01E!$A$1:$M$400,2,0)) -> 0 | EZ17: no
B18: FTL | C18: 16202369 | D18: 0.89552231 | E18: 15321663 | F18: 0.88532058 | G18: 14833165 | H18: 0.87419083 | I18: 11334155 | J18: 0.87257184 | K18: 11060999 | L18: 0.90090304 | M18: 12905142 | N18: 0.8883393 | O18: 15596671 | P18: 0.90664718 | Q18: 14296036 | R18: 0.8829072 | S18: 16351936 | T18: 0.88220663 | U18: 16306751 | V18: 0.88248312 | W18: 13344124 | X18: 0.88404041 | Y18: 13012979 | Z18: 0.87836512 | AA18: 16403168 | AB18: 0.90159259 | AC18: 13307694 | AD18: 0.88170902 | AE18: 19168222 | AF18: 0.90313329 | AG18: 17504933 | AH18: 0.92345889 | AI18: 14429543 | AJ18: 0.91285762 | AK18: 18762586 | AL18: 0.90250834 | AM18: 17478652 | AN18: 0.90548228 | AO18: 17000715 | AP18: 0.90105926 | AQ18: 18288450 | AR18: 0.91473364 | AS18: 17054962 | AT18: 0.93545603 | AU18: 15047202 | AV18: 0.91908125 | AW18: 14251929 | AX18: 0.9155464 | AY18: 16930063 | AZ18: 0.92763727 | BA18: 14859222 | BB18: 0.92940123 | BC18: 20820667 | BD18: 0.94411331 | BE18: 18346818 | BF18: 0.92894917 | BG18: 17193174 | BH18: 0.93131157 | BI18: 18760702 | BJ18: 0.93415602 | BK18: 14170368 | BL18: 0.9170147 | BM18: 17168359 | BN18: 0.92627738 | BO18: 15865199 | BP18: 0.93051453 | BQ18: 16568542 | BR18: 0.93303938 | BS18: 15537558 | BT18: 0.93353429 | BU18: 14339897 | BV18: 0.93815186 | BW18: 15806641 | BX18: 0.93286258 | BY18: 16597934 | BZ18: 0.93213028 | CA18: 19408378 | CB18: 0.93054191 | CC18: 14889383 | CD18: 0.93151917 | CE18: 14348764 | CF18: 0.92521128 | CG18: 16335198 | CH18: 0.92295449 | CI18: 14924384 | CJ18: 0.92647602 | CK18: 18249206 | CL18: 0.93637804 | CM18: 17385848 | CN18: 0.94760381 | CO18: 18448196 | CP18: 0.94036673 | CQ18: 15618242 | CR18: 0.9403084 | CS18: 14822894 | CT18: 0.93647006 | CU18: 18128494 | CV18: 0.93650583 | CW18: 17859805 | CX18: 0.93398558 | CY18: 16565103 | CZ18: 0.93104342 | DA18: 17236724 | DB18: 0.91474835 | DC18: 16678212 | DD18: 0.92209995 | DE18: 16015613 | DF18: 0.90600543 | DG18: 16219400 | DH18: 0.90958548 | DI18: 17128204 | DJ18: 0.90863122 | DK18: 14713928 | DL18: 0.91061109 | DM18: 16626904 | DN18: 0.89644056 | DO18: 14147610 | DP18: 0.90483143 | DQ18: 15342336 | DR18: 0.89411741 | DS18: 17089312 | DT18: 0.88807428 | DU18: 15385849 | DV18: 0.88372919 | DW18: 15552987 | DX18: 0.88525191 | DY18: 15156775 | DZ18: 0.89348886 | EA18: 14926615 | EB18: 0.89106104 | EC18: 15369478 | ED18: 0.91415057 | EE18: 17457504 | EF18: 0.91880927 | EG18: 16240192 | EH18: 0.91320857 | EI18: 14738498 | EJ18: 0.90120972 | EK18: 15694523 | EL18: 0.90480831 | EM18: 13423745 | EN18: 0.91630124 | EO18: 16026055 | EP18: 0.91286962 | EQ18: 16171920 | ER18: 0.91433363 | ES18: =+$EY18 -> 16294411 | ET18: =ES18/ES24 -> 0.92646299 | EU18: =IF( SUM($EQ18:ES18)<0, "n/a", SUM($EQ18:ES18)/EU$74) -> 16233166 | EV18: =EU18/EU24 -> 0.92038123 | EX18: All Others | EY18: =+EY27-EY26-EY25-EY17-EY20-EY21-EY22-EY23-EY19 -> 16294411
B19: Railcar | C19: 0 | D19: 0 | E19: 0 | F19: 0 | G19: 0 | H19: 0 | I19: 0 | J19: 0 | K19: 0 | L19: 0 | M19: 0 | N19: 0 | O19: 0 | P19: 0 | Q19: 0 | R19: 0 | S19: 0 | T19: 0 | U19: 0 | V19: 0 | W19: 0 | X19: 0 | Y19: 0 | Z19: 0 | AA19: 0 | AB19: 0 | AC19: 0 | AD19: 0 | AE19: 0 | AF19: 0 | AG19: 0 | AH19: 0 | AI19: 0 | AJ19: 0 | AK19: 0 | AL19: 0 | AM19: 0 | AN19: 0 | AO19: 0 | AP19: 0 | AQ19: 0 | AR19: 0 | AS19: 0 | AT19: 0 | AU19: 0 | AV19: 0 | AW19: 0 | AX19: 0 | AY19: 0 | AZ19: 0 | BA19: 0 | BB19: 0 | BC19: 0 | BD19: 0 | BE19: 0 | BF19: 0 | BG19: 0 | BH19: 0 | BI19: 0 | BJ19: 0 | BK19: 0 | BL19: 0 | BM19: 0 | BN19: 0 | BO19: 0 | BP19: 0 | BQ19: 0 | BR19: 0 | BS19: 0 | BT19: 0 | BU19: 0 | BV19: 0 | BW19: 0 | BX19: 0 | BY19: 0 | BZ19: 0 | CA19: 0 | CB19: 0 | CC19: 0 | CD19: 0 | CE19: 0 | CF19: 0 | CG19: 0 | CH19: 0 | CI19: 0 | CJ19: 0 | CK19: 0 | CL19: 0 | CM19: 0 | CN19: 0 | CO19: 0 | CP19: 0 | CQ19: 0 | CR19: 0 | CS19: 0 | CT19: 0 | CU19: 0 | CV19: 0 | CW19: 0 | CX19: 0 | CY19: 0 | CZ19: 0 | DA19: 0 | DB19: 0 | DC19: 0 | DD19: 0 | DE19: 0 | DF19: 0 | DG19: 0 | DH19: 0 | DI19: 0 | DJ19: 0 | DK19: 0 | DL19: 0 | DM19: 0 | DN19: 0 | DO19: 0 | DP19: 0 | DQ19: 0 | DR19: 0 | DS19: 0 | DT19: 0 | DU19: 0 | DV19: 0 | DW19: 0 | DX19: 0 | DY19: 0 | DZ19: 0 | EA19: 0 | EB19: 0 | EC19: 0 | ED19: 0 | EE19: 0 | EF19: 0 | EG19: 0 | EH19: 0 | EI19: 0 | EJ19: 0 | EK19: 0 | EL19: 0 | EM19: 0 | EN19: 0 | EO19: 0 | EP19: 0 | EQ19: 0 | ER19: 0 | ES19: =+$EY19 -> 0 | ET19: =ES19/ES24 -> 0 | EU19: =IF( SUM($EQ19:ES19)<0, "n/a", SUM($EQ19:ES19)/EU$74) -> 0 | EV19: =EU19/EU24 -> 0 | EX19: AMW RC | EY19: =IF(ISERROR(VLOOKUP(EX19,IQSH01E!$A$1:$M$400,2,0)),0,VLOOKUP(EX19,IQSH01E!$A$1:$M$400,2,0)) -> 0 | EZ19: 2 spaces
B20: LTL | C20: 1562031.4 | D20: 0.08633515 | E20: 1367145.9 | F20: 0.078996806 | G20: 1704613.6 | H20: 0.10046121 | I20: 1328700.3 | J20: 0.10229138 | K20: 1137361.9 | L20: 0.092636551 | M20: 1280980.4 | N20: 0.088177664 | O20: 1381909.3 | P20: 0.08033151 | Q20: 1461765.9 | R20: 0.090277023 | S20: 1951290 | T20: 0.10527444 | U20: 1892452.7 | V20: 0.1024151 | W20: 1606212.5 | X20: 0.10641064 | Y20: 1571705.8 | Z20: 0.10608882 | AA20: 1678014.4 | AB20: 0.092231293 | AC20: 1515205.9 | AD20: 0.10039085 | AE20: 1846255.3 | AF20: 0.08698849 | AG20: 1221785.3 | AH20: 0.064454316 | AI20: 1252015.6 | AJ20: 0.079206385 | AK20: 1670968.5 | AL20: 0.080376073 | AM20: 1678964.5 | AN20: 0.086978821 | AO20: 1668281.2 | AP20: 0.088421003 | AQ20: 1482770.2 | AR20: 0.074163737 | AS20: 1090485.7 | AT20: 0.059812591 | AU20: 1134816.1 | AV20: 0.069314428 | AW20: 1157576.9 | AX20: 0.074362942 | AY20: 1194785.6 | AZ20: 0.06546506 | BA20: 912830.85 | BB20: 0.05709492 | BC20: 1195174 | BD20: 0.054195173 | BE20: 1124464.4 | BF20: 0.056934687 | BG20: 1167407.6 | BH20: 0.063235571 | BI20: 1240230 | BJ20: 0.061755062 | BK20: 1218844.2 | BL20: 0.078875723 | BM20: 1315311.3 | BN20: 0.070964445 | BO20: 1138683.4 | BP20: 0.066785262 | BQ20: 1160871.1 | BR20: 0.065373191 | BS20: 1105640 | BT20: 0.066429543 | BU20: 923280.52 | BV20: 0.060403315 | BW20: 1060205.4 | BX20: 0.062570276 | BY20: 1139234.5 | BZ20: 0.063978743 | CA20: 1426089 | CB20: 0.068374367 | CC20: 1028040.6 | CD20: 0.064316936 | CE20: 1080440.4 | CF20: 0.069667025 | CG20: 1362353.6 | CH20: 0.076974292 | CI20: 1109401.2 | CJ20: 0.068869419 | CK20: 1160322.8 | CL20: 0.059536879 | CM20: 959779.95 | CN20: 0.052312152 | CO20: 1128327.9 | CP20: 0.057514674 | CQ20: 990738.83 | CR20: 0.059648201 | CS20: 991717.03 | CT20: 0.062653981 | CU20: 1190640 | CV20: 0.061507663 | CW20: 1223365.1 | CX20: 0.063976363 | CY20: 1221160.4 | CZ20: 0.068635452 | DA20: 1605444.1 | DB20: 0.08520049 | DC20: 1405548.1 | DD20: 0.07770952 | DE20: 1656590.5 | DF20: 0.09371355 | DG20: 1610194 | DH20: 0.090299831 | DI20: 1721248 | DJ20: 0.091310196 | DK20: 1437684 | DL20: 0.088974949 | DM20: 1916642 | DN20: 0.10333587 | DO20: 1475904 | DP20: 0.094393634 | DQ20: 1815817 | DR20: 0.1058218 | DS20: 2151566 | DT20: 0.11180968 | DU20: 2023181 | DV20: 0.11620705 | DW20: 2002047 | DX20: 0.11395341 | DY20: 1806258 | DZ20: 0.10647855 | EA20: 1824333 | EB20: 0.10890561 | EC20: 1442628 | ED20: 0.085805075 | EE20: 1540010 | EF20: 0.081052565 | EG20: 1514154 | EH20: 0.085142984 | EI20: 1523091 | EJ20: 0.093131906 | EK20: 1570494 | EL20: 0.090540886 | EM20: 1217687 | EN20: 0.083118988 | EO20: 1388073 | EP20: 0.079066849 | EQ20: 1505310 | ER20: 0.08510774 | ES20: =+$EY20 -> 1291440 | ET20: =ES20/ES24 -> 0.073428328 | EU20: =IF( SUM($EQ20:ES20)<0, "n/a", SUM($EQ20:ES20)/EU$74) -> 1398375 | EV20: =EU20/EU24 -> 0.079284481 | EX20: AMW L | EY20: =IF(ISERROR(VLOOKUP(EX20,IQSH01E!$A$1:$M$400,2,0)),0,VLOOKUP(EX20,IQSH01E!$A$1:$M$400,2,0)) -> 1291440 | EZ20: 1 space
B21: Export | C21: 133295 | D21: 0.0073673575 | E21: 110892 | F21: 0.0064075925 | G21: 188359 | H21: 0.011100916 | I21: 172824 | J21: 0.013305037 | K21: 77504 | L21: 0.0063125935 | M21: 188310 | N21: 0.012962521 | O21: 147113 | P21: 0.0085517984 | Q21: 209637 | R21: 0.012946947 | S21: 15799 | T21: 0.00085237508 | U21: 240928 | V21: 0.013038458 | W21: 143564 | X21: 0.0095110313 | Y21: 210074 | Z21: 0.014179818 | AA21: 25040 | AB21: 0.0013763121 | AC21: 173212 | AD21: 0.011476262 | AE21: 129694 | AF21: 0.0061106853 | AG21: 190698 | AH21: 0.010060122 | AI21: 83560 | AJ21: 0.0052862646 | AK21: 320454 | AL21: 0.015414315 | AM21: 139364 | AN21: 0.0072197575 | AO21: 158630 | AP21: 0.0084075895 | AQ21: 212681 | AR21: 0.010637668 | AS21: 61588 | AT21: 0.0033780707 | AU21: 189157 | AV21: 0.011553686 | AW21: 116144 | AX21: 0.007461111 | AY21: 124606 | AZ21: 0.0068274505 | BA21: 213960 | BB21: 0.013382577 | BC21: 34124 | BD21: 0.001547353 | BE21: 277758 | BF21: 0.014063641 | BG21: 100263 | BH21: 0.0054309978 | BI21: 80580 | BJ21: 0.0040123388 | BK21: 25040 | BL21: 0.0016204271 | BM21: 34048 | BN21: 0.0018369777 | BO21: 22805 | BP21: 0.0013375429 | BQ21: 22728 | BR21: 0.0012799025 | BS21: 0 | BT21: 0 | BU21: 21280 | BV21: 0.0013921907 | BW21: 61672 | BX21: 0.0036397044 | BY21: 44920 | BZ21: 0.0025226809 | CA21: 21768 | CB21: 0.0010436749 | CC21: 65104 | CD21: 0.0040730783 | CE21: 42066 | CF21: 0.0027124245 | CG21: 0 | CH21: 0 | CI21: 73738 | CJ21: 0.0045775082 | CK21: 75904 | CL21: 0.0038946811 | CM21: 0 | CN21: 0 | CO21: 39624 | CP21: 0.0020197688 | CQ21: 0 | CR21: 0 | CS21: 0 | CT21: 0 | CU21: 37952 | CV21: 0.0019605748 | CW21: 37952 | CX21: 0.0019847149 | CY21: 0 | CZ21: 0 | DA21: 0 | DB21: 0 | DC21: 0 | DD21: 0 | DE21: 0 | DF21: 0 | DG21: 0 | DH21: 0 | DI21: 0 | DJ21: 0 | DK21: 0 | DL21: 0 | DM21: 0 | DN21: 0 | DO21: 0 | DP21: 0 | DQ21: 0 | DR21: 0 | DS21: 0 | DT21: 0 | DU21: 0 | DV21: 0 | DW21: 12610 | DX21: 0.00071774165 | DY21: 0 | DZ21: 0 | EA21: 0 | EB21: 0 | EC21: 0 | ED21: 0 | EE21: 0 | EF21: 0 | EG21: 0 | EH21: 0 | EI21: 79839 | EJ21: 0.0048818871 | EK21: 73809 | EL21: 0.0042551785 | EM21: 0 | EN21: 0 | EO21: 114913 | EP21: 0.0065456276 | EQ21: 0 | ER21: 0 | ES21: =+$EY21 -> 0 | ET21: =ES21/ES24 -> 0 | EU21: =IF( SUM($EQ21:ES21)<0, "n/a", SUM($EQ21:ES21)/EU$74) -> 0 | EV21: =EU21/EU24 -> 0 | EX21: AMWE | EY21: =IF(ISERROR(VLOOKUP(EX21,IQSH01E!$A$1:$M$400,2,0)),0,VLOOKUP(EX21,IQSH01E!$A$1:$M$400,2,0)) -> 0 | EZ21: no
A22: SW | B22: Sample | C22: 8093.56 | D22: 0.00044733974 | E22: 9600.51 | F22: 0.00055473935 | G22: 784.12 | H22: 4.621202e-05 | I22: 2282.82 | J22: 0.0001757453 | K22: 1814.88 | L22: 0.00014781946 | M22: 567.33 | N22: 3.905277e-05 | O22: 970.09 | P22: 5.6392121e-05 | Q22: 1071.21 | R22: 6.6156731e-05 | S22: 1286.66 | T22: 6.9416857e-05 | U22: 2858.46 | V22: 0.00015469315 | W22: 572.31 | X22: 3.7915204e-05 | Y22: 388.76 | Z22: 2.6240973e-05 | AA22: 1868.42 | AB22: 0.00010269685 | AC22: 767.93 | AD22: 5.0879648e-05 | AE22: 696.58 | AF22: 3.2820186e-05 | AG22: 260.26 | AH22: 1.3729811e-05 | AI22: 1825.25 | AJ22: 0.00011547097 | AK22: 1370.49 | AL22: 6.592261e-05 | AM22: 4501.6 | AN22: 0.00023320557 | AO22: 1264.87 | AP22: 6.7039701e-05 | AQ22: 368 | AR22: 1.8406261e-05 | AS22: 953.16 | AT22: 5.2280344e-05 | AU22: 829.07 | AV22: 5.0639493e-05 | AW22: 40933.07 | AX22: 0.0026295476 | AY22: 1281.57 | AZ22: 7.022018e-05 | BA22: 1938.85 | BB22: 0.00012126944 | BC22: 1520.32 | BD22: 6.8938921e-05 | BE22: 1036.89 | BF22: 5.2500555e-05 | BG22: 403.58 | BH22: 2.1860927e-05 | BI22: 1537.98 | BJ22: 7.6580999e-05 | BK22: 36000.16 | BL22: 0.0023296979 | BM22: 17074.27 | BN22: 0.00092120103 | BO22: 23233.31 | BP22: 0.0013626638 | BQ22: 5460.86 | BR22: 0.00030752238 | BS22: 601.99 | BT22: 3.6169025e-05 | BU22: 804.52 | BV22: 5.2633705e-05 | BW22: 4118.73 | BX22: 0.00024307562 | BY22: 1172.52 | BZ22: 6.5848036e-05 | CA22: 835.28 | CB22: 4.0047811e-05 | CC22: 1451.6 | CD22: 9.0815932e-05 | CE22: 37364.43 | CF22: 0.0024092663 | CG22: 1260.56 | CH22: 7.1222857e-05 | CI22: 1241.23 | CJ22: 7.7053086e-05 | CK22: 3710.8 | CL22: 0.00019040344 | CM22: 1541.95 | CN22: 8.4042934e-05 | CO22: 1938.87 | CP22: 9.8830738e-05 | CQ22: 720.83 | CR22: 4.339813e-05 | CS22: 13865.03 | CT22: 0.00087595483 | CU22: 501.99 | CV22: 2.5932466e-05 | CW22: 1020.1 | CX22: 5.3346534e-05 | CY22: 5713.42 | CZ22: 0.0003211234 | DA22: 963.93 | DB22: 5.1155509e-05 | DC22: 3446.19 | DD22: 0.00019053191 | DE22: 3687.72 | DF22: 0.00020861482 | DG22: 2045.15 | DH22: 0.0001146922 | DI22: 1104.34 | DJ22: 5.8583947e-05 | DK22: 6688.85 | DL22: 0.00041395751 | DM22: 4146.74 | DN22: 0.00022357174 | DO22: 1136.69 | DP22: 7.2698698e-05 | DQ22: 1043.12 | DR22: 6.0790727e-05 | DS22: 2232.99 | DT22: 0.00011604101 | DU22: 1110.03 | DV22: 6.3757672e-05 | DW22: 1351.78 | DX22: 7.6941222e-05 | DY22: 552.92 | DZ22: 3.2594524e-05 | EA22: 558.76 | EB22: 3.3355805e-05 | EC22: 745.76 | ED22: 4.4356544e-05 | EE22: 2625.08 | EF22: 0.00013816109 | EG22: 7894.4 | EH22: 0.00044391309 | EI22: 12698.77 | EJ22: 0.00077648719 | EK22: 1786.98 | EL22: 0.00010302157 | EM22: 927.61 | EN22: 6.331841e-05 | EO22: 26647.79 | EP22: 0.0015179006 | EQ22: 9880.49 | ER22: 0.00055862658 | ES22: =+$EY22 -> 1911.52 | ET22: =ES22/ES24 -> 0.00010868466 | EU22: =IF( SUM($EQ22:ES22)<0, "n/a", SUM($EQ22:ES22)/EU$74) -> 5896.0053 | EV22: =EU22/EU24 -> 0.00033428923 | EX22: AMW F | EY22: =IF(ISERROR(VLOOKUP(EX22,IQSH01E!$A$1:$M$400,2,0)),0,VLOOKUP(EX22,IQSH01E!$A$1:$M$400,2,0)) -> 1911.52 | EZ22: 1 space
B23: Reconsignment | C23: 0 | D23: 0 | E23: 12777 | F23: 0.00073828418 | G23: 14827.06 | H23: 0.00087383104 | I23: 0 | J23: 0 | K23: 0 | L23: 0 | M23: 5788 | N23: 0.0003984232 | O23: 0 | P23: 0 | Q23: 17524 | R23: 0.0010822626 | S23: 31312 | T23: 0.0016893201 | U23: 0 | V23: 0 | W23: 0 | X23: 0 | Y23: 19852 | Z23: 0.0013399933 | AA23: 8900 | AB23: 0.00048918442 | AC23: 0 | AD23: 0 | AE23: 4368 | AF23: 0.00020580345 | AG23: 0 | AH23: 0 | AI23: 1659 | AJ23: 0.00010495348 | AK23: 0 | AL23: 0 | AM23: 1658.88 | AN23: 8.5938344e-05 | AO23: 0 | AP23: 0 | AQ23: 8928 | AR23: 0.00044655189 | AS23: 23720 | AT23: 0.00130103 | AU23: 0 | AV23: 0 | AW23: 0 | AX23: 0 | AY23: 0 | AZ23: 0 | BA23: 0 | BB23: 0 | BC23: 1659 | BD23: 7.5227366e-05 | BE23: 0 | BF23: 0 | BG23: 0 | BH23: 0 | BI23: 0 | BJ23: 0 | BK23: 2464 | BL23: 0.00015945417 | BM23: 0 | BN23: 0 | BO23: 0 | BP23: 0 | BQ23: 0 | BR23: 0 | BS23: 0 | BT23: 0 | BU23: 0 | BV23: 0 | BW23: 11596 | BX23: 0.00068436262 | BY23: 23192 | BZ23: 0.0013024491 | CA23: 0 | CB23: 0 | CC23: 0 | CD23: 0 | CE23: 0 | CF23: 0 | CG23: 0 | CH23: 0 | CI23: 0 | CJ23: 0 | CK23: 0 | CL23: 0 | CM23: 0 | CN23: 0 | CO23: 0 | CP23: 0 | CQ23: 0 | CR23: 0 | CS23: 0 | CT23: 0 | CU23: 0 | CV23: 0 | CW23: 0 | CX23: 0 | CY23: 0 | CZ23: 0 | DA23: 0 | DB23: 0 | DC23: 0 | DD23: 0 | DE23: 1280 | DF23: 7.2409773e-05 | DG23: 0 | DH23: 0 | DI23: 0 | DJ23: 0 | DK23: 0 | DL23: 0 | DM23: 0 | DN23: 0 | DO23: 10980 | DP23: 0.00070224222 | DQ23: 0 | DR23: 0 | DS23: 0 | DT23: 0 | DU23: 0 | DV23: 0 | DW23: 0 | DX23: 0 | DY23: 0 | DZ23: 0 | EA23: 0 | EB23: 0 | EC23: 0 | ED23: 0 | EE23: 0 | EF23: 0 | EG23: 21421 | EH23: 0.0012045326 | EI23: 0 | EJ23: 0 | EK23: 5075.49 | EL23: 0.00029260816 | EM23: 7566 | EN23: 0.00051645313 | EO23: 0 | EP23: 0 | EQ23: 0 | ER23: 0 | ES23: =+$EY23 -> 0 | ET23: =ES23/ES24 -> 0 | EU23: =IF( SUM($EQ23:ES23)<0, "n/a", SUM($EQ23:ES23)/EU$74) -> 0 | EV23: =EU23/EU24 -> 0 | EX23: AMWR | EY23: =IF(ISERROR(VLOOKUP(EX23,IQSH01E!$A$1:$M$400,2,0)),0,VLOOKUP(EX23,IQSH01E!$A$1:$M$400,2,0)) -> 0 | EZ23: no
B24: Prepaid Total | C24: 18092647 | D24: 1 | E24: 17306344 | F24: 1 | G24: 16967880 | H24: 1 | I24: 12989366 | J24: 1 | K24: 12277680 | L24: 1 | M24: 14527267 | N24: 1 | O24: 17202581 | P24: 1 | Q24: 16192003 | R24: 1 | S24: 18535267 | T24: 1 | U24: 18478258 | V24: 1 | W24: 15094472 | X24: 1 | Y24: 14814999 | Z24: 1 | AA24: 18193548 | AB24: 1 | AC24: 15093068 | AD24: 1 | AE24: 21224134 | AF24: 1 | AG24: 18955833 | AH24: 1 | AI24: 15807003 | AJ24: 1 | AK24: 20789377 | AL24: 1 | AM24: 19303141 | AN24: 1 | AO24: 18867477 | AP24: 1 | AQ24: 19993197 | AR24: 1 | AS24: 18231709 | AT24: 1 | AU24: 16372004 | AV24: 1 | AW24: 15566582 | AX24: 1 | AY24: 18250737 | AZ24: 1 | BA24: 15987952 | BB24: 1 | BC24: 22053145 | BD24: 1 | BE24: 19750077 | BF24: 1 | BG24: 18461248 | BH24: 1 | BI24: 20083050 | BJ24: 1 | BK24: 15452716 | BL24: 1 | BM24: 18534793 | BN24: 1 | BO24: 17049921 | BP24: 1 | BQ24: 17757602 | BR24: 1 | BS24: 16643800 | BT24: 1 | BU24: 15285263 | BV24: 1 | BW24: 16944233 | BX24: 1 | BY24: 17806454 | BZ24: 1 | CA24: 20857070 | CB24: 1 | CC24: 15983980 | CD24: 1 | CE24: 15508634 | CF24: 1 | CG24: 17698813 | CH24: 1 | CI24: 16108764 | CJ24: 1 | CK24: 19489144 | CL24: 1 | CM24: 18347170 | CN24: 1 | CO24: 19618087 | CP24: 1 | CQ24: 16609702 | CR24: 1 | CS24: 15828476 | CT24: 1 | CU24: 19357588 | CV24: 1 | CW24: 19122142 | CX24: 1 | CY24: 17791976 | CZ24: 1 | DA24: 18843132 | DB24: 1 | DC24: 18087206 | DD24: 1 | DE24: 17677172 | DF24: 1 | DG24: 17831639 | DH24: 1 | DI24: 18850556 | DJ24: 1 | DK24: 16158301 | DL24: 1 | DM24: 18547693 | DN24: 1 | DO24: 15635631 | DP24: 1 | DQ24: 17159196 | DR24: 1 | DS24: 19243111 | DT24: 1 | DU24: 17410140 | DV24: 1 | DW24: 17568996 | DX24: 1 | DY24: 16963586 | DZ24: 1 | EA24: 16751507 | EB24: 1 | EC24: 16812852 | ED24: 1 | EE24: 19000139 | EF24: 1 | EG24: 17783661 | EH24: 1 | EI24: 16354127 | EJ24: 1 | EK24: 17345688 | EL24: 1 | EM24: 14649926 | EN24: 1 | EO24: 17555689 | EP24: 1 | EQ24: 17687110 | ER24: 1 | ES24: =SUM(ES17:ES23) -> 17587763 | ET24: =ES24/ES24 -> 1 | EU24: =IF( SUM($EQ24:ES24)<0, "n/a", SUM($EQ24:ES24)/EU$74) -> 17637437 | EV24: =EU24/EU24 -> 1 | EX24: <--sub-total | EY24: =IF(ISERROR(VLOOKUP(EX24,IQSH01E!$A$1:$M$400,2,0)),0,VLOOKUP(EX24,IQSH01E!$A$1:$M$400,2,0)) -> 0
B25: CPU (Lolita) | C25: 893728.52 | E25: 786606.78 | G25: 673124.24 | I25: 628177 | K25: 644433.76 | M25: 822100.75 | O25: 620435 | Q25: 497795 | S25: 718634.32 | U25: 770340.39 | W25: 468678 | Y25: 727137.8 | AA25: 872419.45 | AC25: 603396 | AE25: 751557 | AG25: 330451.33 | AI25: 318268 | AK25: 753966 | AM25: 595369 | AO25: 627756 | AQ25: 473744.6 | AS25: 554924.8 | AU25: 774488.85 | AW25: 426515 | AY25: 548575.75 | BA25: 634314.84 | BC25: 1004928 | BE25: 522233.35 | BG25: 695655 | BI25: 717600.3 | BK25: 793738.8 | BM25: 793099.18 | BO25: 753944 | BQ25: 793586 | BS25: 525704 | BU25: 668393 | BW25: 636427 | BY25: 561613 | CA25: 777161.2 | CC25: 595122 | CE25: 544950 | CG25: 662867 | CI25: 632718 | CK25: 560043 | CM25: 775281 | CO25: 541911 | CQ25: 677146 | CS25: 392667.87 | CU25: 714243 | CW25: 558949 | CY25: 714536 | DA25: 667426 | DC25: 633530 | DE25: 533467 | DG25: 697743.98 | DI25: 652017 | DK25: 563428 | DM25: 627842 | DO25: 500326 | DQ25: 624083.24 | DS25: 642999 | DU25: 668314 | DW25: 482361 | DY25: 574408 | EA25: 525550 | EC25: 583534 | EE25: 861893 | EG25: 776624 | EI25: 950217 | EK25: 898016.49 | EM25: 608623 | EO25: 750750 | EQ25: 556123 | ES25: =+$EY25 -> 592413 | EU25: =IF( SUM($EQ25:ES25)<0, "n/a", SUM($EQ25:ES25)/EU$74) -> 574268 | EX25: AMW C | EY25: =IF(ISERROR(VLOOKUP(EX25,IQSH01E!$A$1:$M$400,2,0)),0,VLOOKUP(EX25,IQSH01E!$A$1:$M$400,2,0)) -> 592413 | EZ25: 1 space
B26: Wharehouse | C26: 129287 | E26: 97515 | G26: 121385 | I26: 53965 | K26: 34849 | M26: 230918 | O26: 174306 | Q26: 96785 | S26: 117620.52 | U26: 78316.96 | W26: 57532 | Y26: 99256 | AA26: 295787 | AC26: 159679 | AE26: 21211 | AG26: 230381 | AI26: 228826 | AK26: 64303 | AM26: 258096 | AO26: 0 | AQ26: 0 | AS26: 0 | AU26: 0 | AW26: 0 | AY26: 0 | BA26: 0 | BC26: 0 | BE26: 0 | BG26: 0 | BI26: 0 | BK26: 0 | BM26: 0 | BO26: 0 | BQ26: 0 | BS26: 0 | BU26: 0 | BW26: 0 | BY26: 0 | CA26: 0 | CC26: 0 | CE26: 0 | CG26: 0 | CI26: 0 | CK26: 0 | CM26: 0 | CO26: 0 | CQ26: 0 | CS26: 0 | CU26: 0 | CW26: 0 | CY26: 0 | DA26: 0 | DC26: 0 | DE26: 0 | DG26: 0 | DI26: 0 | DK26: 0 | DM26: 0 | DO26: 0 | DQ26: 0 | DS26: 0 | DU26: 0 | DW26: 0 | DY26: 0 | EA26: 0 | EC26: 0 | EE26: 0 | EG26: 0 | EI26: 0 | EK26: 0 | EM26: 0 | EO26: 0 | EQ26: 0 | ES26: =+$EY26 -> 0 | EU26: =IF( SUM($EQ26:ES26)<0, "n/a", SUM($EQ26:ES26)/EU$74) -> 0 | EX26: AMW OS | EY26: =IF(ISERROR(VLOOKUP(EX26,IQSH01E!$A$1:$M$400,2,0)),0,VLOOKUP(EX26,IQSH01E!$A$1:$M$400,2,0)) -> 0 | EZ26: 2 spaces
B27: Grand Total | C27: 19115663 | E27: 18190466 | G27: 17762389 | I27: 13671508 | K27: 12956962 | M27: 15580285 | O27: 17997322 | Q27: 16786583 | S27: 19371522 | U27: 19326916 | W27: 15620682 | Y27: 15641393 | AA27: 19361754 | AC27: 15856143 | AE27: 21996902 | AG27: 19516666 | AI27: 16354097 | AK27: 21607646 | AM27: 20156606 | AO27: 19495233 | AQ27: 20466942 | AS27: 18786633 | AU27: 17146493 | AW27: 15993097 | AY27: 18799312 | BA27: 16622267 | BC27: 23058073 | BE27: 20272310 | BG27: 19156903 | BI27: 20800650 | BK27: 16246455 | BM27: 19327892 | BO27: 17803865 | BQ27: 18551188 | BS27: 17169504 | BU27: 15953656 | BW27: 17580660 | BY27: 18368067 | CA27: 21634231 | CC27: 16579102 | CE27: 16053584 | CG27: 18361680 | CI27: 16741482 | CK27: 20049187 | CM27: 19122451 | CO27: 20159998 | CQ27: 17286848 | CS27: 16221144 | CU27: 20071831 | CW27: 19681091 | CY27: 18506512 | DA27: 19510558 | DC27: 18720736 | DE27: 18210639 | DG27: 18529383 | DI27: 19502573 | DK27: 16721729 | DM27: 19175535 | DO27: 16135957 | DQ27: 17783279 | DS27: 19886110 | DU27: 18078454 | DW27: 18051357 | DY27: 17537994 | EA27: 17277057 | EC27: 17396386 | EE27: 19862032 | EG27: 18560285 | EI27: 17304344 | EK27: 18243705 | EM27: 15258549 | EO27: 18306439 | EQ27: 18243233 | ES27: =SUM(ES24:ES26) -> 18180176 | EU27: =IF( SUM($EQ27:ES27)<0, "n/a", SUM($EQ27:ES27)/EU$74) -> 18211705 | EX27: AMW T | EY27: =IF(ISERROR(VLOOKUP(EX27,IQSH01E!$A$1:$M$400,2,0)),0,VLOOKUP(EX27,IQSH01E!$A$1:$M$400,2,0)) -> 18180176 | EZ27: 1 space
B28: Intermodal | C28: 0 | D28: 0 | E28: 0 | F28: 0 | G28: 0 | H28: 0 | I28: 0 | J28: 0 | K28: 0 | L28: 0 | M28: 175769 | N28: 0.10425356 | O28: 178340 | P28: 0.09136233 | Q28: 129477 | R28: 0.06427329 | S28: 42000 | T28: 0.021313024 | U28: 206538 | V28: 0.11160373 | W28: 208060 | X28: 0.11158521 | Y28: 127208 | Z28: 0.073913061 | AA28: 212101 | AB28: 0.10383558 | AC28: 125276 | AD28: 0.065046543 | AE28: 123680 | AF28: 0.059121448 | AG28: 123431 | AH28: 0.06359171 | AI28: 128535 | AJ28: 0.063177188 | AK28: 207557 | AL28: 0.10553003 | AM28: 118056 | AN28: 0.059640659 | AO28: 83137 | AP28: 0.0376957 | AQ28: 208353 | AR28: 0.1193634 | AS28: 168862 | AT28: 0.077240454 | AU28: 163964 | AV28: 0.074079663 | AW28: 123503 | AX28: 0.062563068 | AY28: 204001 | AZ28: 0.095528179 | BA28: 208506 | BB28: 0.14947888 | BC28: 338041 | BD28: 0.16392935 | BE28: 252045 | BF28: 0.12727045 | BG28: 375382 | BH28: 0.15813834 | BI28: 213977 | BJ28: 0.090111552 | BK28: 173761 | BL28: 0.077659172 | BM28: 257294 | BN28: 0.12599419 | BO28: 171458 | BP28: 0.093251506 | BQ28: 215262 | BR28: 0.10252798 | BS28: 173325 | BT28: 0.10240774 | BU28: 85995 | BV28: 0.058520462 | BW28: 210724 | BX28: 0.11425969 | BY28: 0 | BZ28: 0 | CA28: 0 | CB28: 0 | CC28: 0 | CD28: 0 | CE28: 0 | CF28: 0 | CG28: 0 | CH28: 0 | CI28: 0 | CJ28: 0 | CK28: 0 | CL28: 0 | CM28: 0 | CN28: 0 | CO28: 0 | CP28: 0 | CQ28: 0 | CR28: 0 | CS28: 0 | CT28: 0 | CU28: 0 | CV28: 0 | CW28: 0 | CX28: 0 | CY28: 0 | CZ28: 0 | DA28: 0 | DB28: 0 | DC28: 0 | DD28: 0 | DE28: 0 | DF28: 0 | DG28: 0 | DH28: 0 | DI28: 0 | DJ28: 0 | DK28: 0 | DL28: 0 | DM28: 0 | DN28: 0 | DO28: 0 | DP28: 0 | DQ28: 0 | DR28: 0 | DS28: 0 | DT28: 0 | DU28: 0 | DV28: 0 | DW28: 0 | DX28: 0 | DY28: 0 | DZ28: 0 | EA28: 0 | EB28: 0 | EC28: 0 | ED28: 0 | EE28: 0 | EF28: 0 | EG28: 0 | EH28: 0 | EI28: 0 | EJ28: 0 | EK28: 0 | EL28: 0 | EM28: 0 | EN28: 0 | EO28: 0 | EP28: 0 | EQ28: 0 | ER28: 0 | ES28: =+$EY28 -> 0 | ET28: =ES28/ES35 -> 0 | EU28: =IF( SUM($EQ28:ES28)<0, "n/a", SUM($EQ28:ES28)/EU$74) -> 0 | EV28: =EU28/EU35 -> 0 | EX28: AMDI | EY28: =IF(ISERROR(VLOOKUP(EX28,IQSH01E!$A$1:$M$400,2,0)),0,VLOOKUP(EX28,IQSH01E!$A$1:$M$400,2,0)) -> 0 | EZ28: no
B29: FTL | C29: 1799419 | D29: 0.85611729 | E29: 1439418 | F29: 0.81019799 | G29: 1515582 | H29: 0.81437412 | I29: 1431701 | J29: 0.90039218 | K29: 1520288 | L29: 0.88232225 | M29: 1307521 | N29: 0.77552765 | O29: 1458439 | P29: 0.74714806 | Q29: 1508365 | R29: 0.74876295 | S29: 1491711 | T29: 0.75697316 | U29: 1522845 | V29: 0.82287612 | W29: 1393919 | X29: 0.7475764 | Y29: 1390011 | Z29: 0.80765336 | AA29: 1481643 | AB29: 0.72534908 | AC29: 1445910 | AD29: 0.75075392 | AE29: 1744922 | AF29: 0.83410669 | AG29: 1387512 | AH29: 0.71484684 | AI29: 1547546 | AJ29: 0.76064578 | AK29: 1419644 | AL29: 0.72180211 | AM29: 1590067 | AN29: 0.80328525 | AO29: 1797192 | AP29: 0.81487678 | AQ29: 1341586 | AR29: 0.76858155 | AS29: 1653176 | AT29: 0.75619183 | AU29: 1781374 | AV29: 0.80483268 | AW29: 1656410 | AX29: 0.83908967 | AY29: 1653428 | AZ29: 0.77425584 | BA29: 1084618 | BB29: 0.77756749 | BC29: 1522931 | BD29: 0.738529 | BE29: 1450038 | BF29: 0.73219857 | BG29: 1851600 | BH29: 0.7800293 | BI29: 2072994 | BJ29: 0.87299433 | BK29: 1864503 | BL29: 0.83330413 | BM29: 1596014 | BN29: 0.78155143 | BO29: 1497543 | BP29: 0.81447433 | BQ29: 1738701 | BR29: 0.82813268 | BS29: 1428749 | BT29: 0.84416534 | BU29: 1285245 | BV29: 0.87462215 | BW29: 1463561 | BX29: 0.79357844 | BY29: 1113083 | BZ29: 0.92050125 | CA29: 1313477 | CB29: 0.92400384 | CC29: 1178922 | CD29: 0.90077316 | CE29: 1263495 | CF29: 0.9119784 | CG29: 1014215 | CH29: 0.84243843 | CI29: 1208754 | CJ29: 0.90549475 | CK29: 1723306 | CL29: 0.95421574 | CM29: 1323689 | CN29: 0.88920365 | CO29: 1825324 | CP29: 0.91309663 | CQ29: 911720 | CR29: 0.86766682 | CS29: 1495916 | CT29: 0.94841319 | CU29: 1433780 | CV29: 0.97173077 | CW29: 1520920 | CX29: 0.91211838 | CY29: 1297918 | CZ29: 0.98340978 | DA29: 1404460 | DB29: 0.91408228 | DC29: 1387752 | DD29: 0.86777184 | DE29: 1272537 | DF29: 0.95070167 | DG29: 1577328 | DH29: 0.91499243 | DI29: 1657111 | DJ29: 0.93947669 | DK29: 1293021 | DL29: 0.90332548 | DM29: 1324551 | DN29: 0.90732179 | DO29: 1556641 | DP29: 0.94709927 | DQ29: 1431844 | DR29: 0.96012048 | DS29: 1095801 | DT29: 0.91373782 | DU29: 1246002 | DV29: 0.82896144 | DW29: 1403480 | DX29: 0.9127506 | DY29: 1355154 | DZ29: 0.90652362 | EA29: 1196560 | EB29: 0.85398667 | EC29: 1397681 | ED29: 0.90819839 | EE29: 1430111 | EF29: 0.90993026 | EG29: 1001478 | EH29: 0.91564038 | EI29: 1029075 | EJ29: 0.89830748 | EK29: 1349471 | EL29: 0.86337577 | EM29: 885645 | EN29: 0.91294667 | EO29: 994031 | EP29: 0.92067016 | EQ29: 955206 | ER29: 0.91498859 | ES29: =+$EY29 -> 1127132 | ET29: =ES29/ES35 -> 0.91079239 | EU29: =IF( SUM($EQ29:ES29)<0, "n/a", SUM($EQ29:ES29)/EU$74) -> 1041169.5 | EV29: =EU29/EU35 -> 0.91271248 | EX29: All Others | EY29: =+EY38-EY37-EY36-EY28-EY31-EY32-EY33-EY34-EY30 -> 1127132
B30: Railcar | C30: 185200 | D30: 0.088113398 | E30: 184800 | F30: 0.10401745 | G30: 187800 | H30: 0.10091137 | I30: 0 | J30: 0 | K30: 0 | L30: 0 | M30: 0 | N30: 0 | O30: 190950 | P30: 0.097822345 | Q30: 185550 | R30: 0.09210832 | S30: 185800 | T30: 0.09428476 | U30: 0 | V30: 0 | W30: 188750 | X30: 0.10122901 | Y30: 0 | Z30: 0 | AA30: 177650 | AB30: 0.086969846 | AC30: 185200 | AD30: 0.096160636 | AE30: 0 | AF30: 0 | AG30: 190650 | AH30: 0.098222971 | AI30: 193050 | AJ30: 0.094887433 | AK30: 192850 | AL30: 0.098052425 | AM30: 0 | AN30: 0 | AO30: 193450 | AP30: 0.087713452 | AQ30: 0 | AR30: 0 | AS30: 189100 | AT30: 0.086497672 | AU30: 186500 | AV30: 0.084261528 | AW30: 0 | AX30: 0 | AY30: 0 | AZ30: 0 | BA30: 0 | BB30: 0 | BC30: 0 | BD30: 0 | BE30: 0 | BF30: 0 | BG30: 0 | BH30: 0 | BI30: 0 | BJ30: 0 | BK30: 0 | BL30: 0 | BM30: 0 | BN30: 0 | BO30: 0 | BP30: 0 | BQ30: 0 | BR30: 0 | BS30: 0 | BT30: 0 | BU30: 0 | BV30: 0 | BW30: 0 | BX30: 0 | BY30: 0 | BZ30: 0 | CA30: 0 | CB30: 0 | CC30: 0 | CD30: 0 | CE30: 0 | CF30: 0 | CG30: 0 | CH30: 0 | CI30: 0 | CJ30: 0 | CK30: 0 | CL30: 0 | CM30: 0 | CN30: 0 | CO30: 0 | CP30: 0 | CQ30: 0 | CR30: 0 | CS30: 0 | CT30: 0 | CU30: 0 | CV30: 0 | CW30: 0 | CX30: 0 | CY30: 0 | CZ30: 0 | DA30: 0 | DB30: 0 | DC30: 0 | DD30: 0 | DE30: 0 | DF30: 0 | DG30: 0 | DH30: 0 | DI30: 0 | DJ30: 0 | DK30: 0 | DL30: 0 | DM30: 0 | DN30: 0 | DO30: 0 | DP30: 0 | DQ30: 0 | DR30: 0 | DS30: 0 | DT30: 0 | DU30: 0 | DV30: 0 | DW30: 0 | DX30: 0 | DY30: 0 | DZ30: 0 | EA30: 0 | EB30: 0 | EC30: 0 | ED30: 0 | EE30: 0 | EF30: 0 | EG30: 0 | EH30: 0 | EI30: 0 | EJ30: 0 | EK30: 0 | EL30: 0 | EM30: 0 | EN30: 0 | EO30: 0 | EP30: 0 | EQ30: 0 | ER30: 0 | ES30: =+$EY30 -> 0 | ET30: =ES30/ES35 -> 0 | EU30: =IF( SUM($EQ30:ES30)<0, "n/a", SUM($EQ30:ES30)/EU$74) -> 0 | EV30: =EU30/EU35 -> 0 | EX30: AMD RC | EY30: =IF(ISERROR(VLOOKUP(EX30,IQSH01E!$A$1:$M$400,2,0)),0,VLOOKUP(EX30,IQSH01E!$A$1:$M$400,2,0)) -> 0 | EZ30: 2 spaces
B31: LTL | C31: 116345 | D31: 0.055353959 | E31: 108565 | F31: 0.061107437 | G31: 79463 | H31: 0.042698192 | I31: 118917 | J31: 0.074786521 | K31: 81378 | L31: 0.047228959 | M31: 160944 | N31: 0.095460434 | O31: 124059 | P31: 0.063554555 | Q31: 110869 | R31: 0.055036148 | S31: 171188 | T31: 0.086869858 | U31: 121254 | V31: 0.065520143 | W31: 73855 | X31: 0.039609371 | Y31: 121397 | Z31: 0.070536632 | AA31: 171218 | AB31: 0.083821014 | AC31: 126858 | AD31: 0.065867959 | AE31: 179728 | AF31: 0.085913483 | AG31: 197075 | AH31: 0.10153313 | AI31: 124962 | AJ31: 0.061420996 | AK31: 105999 | AL31: 0.053894006 | AM31: 231342 | AN31: 0.11687156 | AO31: 131653 | AP31: 0.059693663 | AQ31: 93905 | AR31: 0.05379726 | AS31: 93925 | AT31: 0.04296295 | AU31: 41509 | AV31: 0.01875395 | AW31: 194123 | AX31: 0.098337129 | AY31: 156369 | AZ31: 0.073223395 | BA31: 101762 | BB31: 0.072953632 | BC31: 120712 | BD31: 0.058537986 | BE31: 157656 | BF31: 0.079608602 | BG31: 146037 | BH31: 0.061521462 | BI31: 87508 | BJ31: 0.036852006 | BK31: 160318 | BL31: 0.071651079 | BM31: 146929 | BN31: 0.071949601 | BO31: 89816 | BP31: 0.048848565 | BQ31: 102971 | BR31: 0.049044459 | BS31: 90385 | BT31: 0.053403281 | BU31: 98196 | BV31: 0.066823365 | BW31: 130170 | BX31: 0.070581346 | BY31: 96031 | BZ31: 0.07941605 | CA31: 105639 | CB31: 0.074314846 | CC31: 87447 | CD31: 0.066815201 | CE31: 81443 | CF31: 0.058784765 | CG31: 106537 | CH31: 0.088492936 | CI31: 88536 | CJ31: 0.066323572 | CK31: 81166 | CL31: 0.044942613 | CM31: 126124 | CN31: 0.08472528 | CO31: 86942 | CP31: 0.043491702 | CQ31: 98204 | CR31: 0.093458905 | CS31: 81367 | CT31: 0.051586811 | CU31: 40811 | CV31: 0.027659267 | CW31: 103858 | CX31: 0.06228519 | CY31: 21696 | CZ31: 0.01643868 | DA31: 132010 | DB31: 0.08591772 | DC31: 128051 | DD31: 0.08007126 | DE31: 65987 | DF31: 0.049298332 | DG31: 104036 | DH31: 0.060350258 | DI31: 64826 | DJ31: 0.036752225 | DK31: 99540 | DL31: 0.069540262 | DM31: 94623 | DN31: 0.064817066 | DO31: 49409 | DP31: 0.03006167 | DQ31: 57823 | DR31: 0.038773111 | DS31: 59322 | DT31: 0.049465875 | DU31: 94225 | DV31: 0.062687614 | DW31: 132878 | DX31: 0.086416959 | DY31: 99135 | DZ31: 0.066315872 | EA31: 124770 | EB31: 0.089048536 | EC31: 99029 | ED31: 0.064348001 | EE31: 98450 | EF31: 0.062640336 | EG31: 91943 | EH31: 0.084062479 | EI31: 75444 | EJ31: 0.065857114 | EK31: 47724 | EL31: 0.030533257 | EM31: 42855 | EN31: 0.044176086 | EO31: 85616 | EP31: 0.079297423 | EQ31: 84432 | ER31: 0.080877127 | ES31: =+$EY31 -> 67897 | ET31: =ES31/ES35 -> 0.054864977 | EU31: =IF( SUM($EQ31:ES31)<0, "n/a", SUM($EQ31:ES31)/EU$74) -> 76164.54 | EV31: =EU31/EU35 -> 0.066767543 | EX31: AMD L | EY31: =IF(ISERROR(VLOOKUP(EX31,IQSH01E!$A$1:$M$400,2,0)),0,VLOOKUP(EX31,IQSH01E!$A$1:$M$400,2,0)) -> 67897 | EZ31: 1 space
B32: Export | C32: 0 | D32: 0 | E32: 43842 | F32: 0.024677127 | G32: 78064 | H32: 0.041946461 | I32: 39468 | J32: 0.024821299 | K32: 121387 | L32: 0.070448791 | M32: 41660 | N32: 0.024709723 | O32: 0 | P32: 0 | Q32: 80165 | R32: 0.039794468 | S32: 79827 | T32: 0.040508448 | U32: 0 | V32: 0 | W32: 0 | X32: 0 | Y32: 82320 | Z32: 0.047831294 | AA32: 0 | AB32: 0 | AC32: 42120 | AD32: 0.021869795 | AE32: 41970 | AF32: 0.020062477 | AG32: 41474 | AH32: 0.021367424 | AI32: 40393 | AJ32: 0.019853862 | AK32: 40755 | AL32: 0.020721424 | AM32: 39980 | AN32: 0.020197479 | AO32: 0 | AP32: 0 | AQ32: 101541 | AR32: 0.05817185 | AS32: 80473 | AT32: 0.036809768 | AU32: 40000 | AV32: 0.018072178 | AW32: 0 | AX32: 0 | AY32: 121708 | AZ32: 0.056992582 | BA32: 0 | BB32: 0 | BC32: 80400 | BD32: 0.038989115 | BE32: 120100 | BF32: 0.060644651 | BG32: 0 | BH32: 0 | BI32: 0 | BJ32: 0 | BK32: 38900 | BL32: 0.017385615 | BM32: 41873 | BN32: 0.020504772 | BO32: 79825 | BP32: 0.043414722 | BQ32: 42410 | BR32: 0.020199624 | BS32: 0 | BT32: 0 | BU32: 0 | BV32: 0 | BW32: 39800 | BX32: 0.02158053 | BY32: 0 | BZ32: 0 | CA32: 0 | CB32: 0 | CC32: 39400 | CD32: 0.030104165 | CE32: 39356 | CF32: 0.028406778 | CG32: 82100 | CH32: 0.068194806 | CI32: 36230 | CJ32: 0.027140406 | CK32: 0 | CL32: 0 | CM32: 38810 | CN32: 0.026071074 | CO32: 83979 | CP32: 0.042009497 | CQ32: 40828 | CR32: 0.038855242 | CS32: 0 | CT32: 0 | CU32: 0 | CV32: 0 | CW32: 42671 | CX32: 0.025590434 | CY32: 0 | CZ32: 0 | DA32: 0 | DB32: 0 | DC32: 83400 | DD32: 0.052150652 | DE32: 0 | DF32: 0 | DG32: 42400 | DH32: 0.024595822 | DI32: 41044 | DJ32: 0.023269341 | DK32: 38800 | DL32: 0.027106311 | DM32: 40648 | DN32: 0.027844014 | DO32: 37138 | DP32: 0.022595687 | DQ32: 0 | DR32: 0 | DS32: 42828 | DT32: 0.03571229 | DU32: 161761 | DV32: 0.10761911 | DW32: 0 | DX32: 0 | DY32: 40362 | DZ32: 0.026999962 | EA32: 79516 | EB32: 0.056750688 | EC32: 42200 | ED32: 0.027421116 | EE32: 43110 | EF32: 0.027429405 | EG32: 0 | EH32: 0 | EI32: 40802 | EJ32: 0.035617173 | EK32: 164792 | EL32: 0.10543199 | EM32: 40000 | EN32: 0.041233075 | EO32: 0 | EP32: 0 | EQ32: 0 | ER32: 0 | ES32: =+$EY32 -> 42350 | ET32: =ES32/ES35 -> 0.03422142 | EU32: =IF( SUM($EQ32:ES32)<0, "n/a", SUM($EQ32:ES32)/EU$74) -> 21175 | EV32: =EU32/EU35 -> 0.01856248 | EX32: AMDE | EY32: =IF(ISERROR(VLOOKUP(EX32,IQSH01E!$A$1:$M$400,2,0)),0,VLOOKUP(EX32,IQSH01E!$A$1:$M$400,2,0)) -> 42350 | EZ32: no
A33: CT | B33: Sample | C33: 873 | D33: 0.00041535095 | E33: 0 | F33: 0 | G33: 130 | H33: 6.9853453e-05 | I33: 0 | J33: 0 | K33: 0 | L33: 0 | M33: 82 | N33: 4.8636517e-05 | O33: 220 | P33: 0.00011270446 | Q33: 50 | R33: 2.482035e-05 | S33: 100 | T33: 5.0745296e-05 | U33: 0 | V33: 0 | W33: 0 | X33: 0 | Y33: 113 | Z33: 6.5657631e-05 | AA33: 50 | AB33: 2.4477863e-05 | AC33: 580 | AD33: 0.00030115102 | AE33: 1665 | AF33: 0.00079590242 | AG33: 850 | AH33: 0.0004379204 | AI33: 30 | AJ33: 1.4745522e-05 | AK33: 0 | AL33: 0 | AM33: 10 | AN33: 5.0518956e-06 | AO33: 45 | AP33: 2.0403749e-05 | AQ33: 150 | AR33: 8.5933539e-05 | AS33: 650 | AT33: 0.00029732145 | AU33: 0 | AV33: 0 | AW33: 20 | AX33: 1.0131425e-05 | AY33: 0 | AZ33: 0 | BA33: 0 | BB33: 0 | BC33: 30 | BD33: 1.4548177e-05 | BE33: 550 | BF33: 0.00027772321 | BG33: 738 | BH33: 0.00031089956 | BI33: 100 | BJ33: 4.2112728e-05 | BK33: 0 | BL33: 0 | BM33: 0 | BN33: 0 | BO33: 20 | BP33: 1.0877475e-05 | BQ33: 200 | BR33: 9.525878e-05 | BS33: 40 | BT33: 2.3633692e-05 | BU33: 50 | BV33: 3.4025503e-05 | BW33: 0 | BX33: 0 | BY33: 100 | BZ33: 8.2698348e-05 | CA33: 2390 | CB33: 0.0016813154 | CC33: 3020 | CD33: 0.0023074766 | CE33: 1150 | CF33: 0.00083005881 | CG33: 1052 | CH33: 0.00087382383 | CI33: 1390 | CJ33: 0.0010412687 | CK33: 1520 | CL33: 0.00084164271 | CM33: 0 | CN33: 0 | CO33: 2803 | CP33: 0.0014021674 | CQ33: 20 | CR33: 1.9033625e-05 | CS33: 0 | CT33: 0 | CU33: 900 | CV33: 0.00060996645 | CW33: 10 | CX33: 5.997149e-06 | CY33: 200 | CZ33: 0.0001515365 | DA33: 0 | DB33: 0 | DC33: 10 | DD33: 6.2530757e-06 | DE33: 0 | DF33: 0 | DG33: 106 | DH33: 6.1489555e-05 | DI33: 885 | DJ33: 0.00050173879 | DK33: 40 | DL33: 2.794465e-05 | DM33: 25 | DN33: 1.7125082e-05 | DO33: 400 | DP33: 0.00024336999 | DQ33: 1650 | DR33: 0.0011064046 | DS33: 1300 | DT33: 0.0010840099 | DU33: 1100 | DV33: 0.00073182675 | DW33: 1280 | DX33: 0.00083244561 | DY33: 240 | DZ33: 0.00016054682 | EA33: 300 | EB33: 0.00021411045 | EC33: 50 | ED33: 3.2489473e-05 | EE33: 0 | EF33: 0 | EG33: 325 | EH33: 0.00029714394 | EI33: 250 | EJ33: 0.00021823178 | EK33: 1030 | EL33: 0.00065898196 | EM33: 1595 | EN33: 0.0016441689 | EO33: 35 | EP33: 3.2416952e-05 | EQ33: 4316 | ER33: 0.0041342818 | ES33: =+$EY33 -> 150 | ET33: =ES33/ES35 -> 0.00012120928 | EU33: =IF( SUM($EQ33:ES33)<0, "n/a", SUM($EQ33:ES33)/EU$74) -> 2233.0021 | EV33: =EU33/EU35 -> 0.0019574997 | EX33: AMD F | EY33: =IF(ISERROR(VLOOKUP(EX33,IQSH01E!$A$1:$M$400,2,0)),0,VLOOKUP(EX33,IQSH01E!$A$1:$M$400,2,0)) -> 150 | EZ33: 1 space
B34: Reconsignment | C34: 0 | D34: 0 | E34: 0 | F34: 0 | G34: 0 | H34: 0 | I34: 0 | J34: 0 | K34: 0 | L34: 0 | M34: 0 | N34: 0 | O34: 0 | P34: 0 | Q34: 0 | R34: 0 | S34: 0 | T34: 0 | U34: 0 | V34: 0 | W34: 0 | X34: 0 | Y34: 0 | Z34: 0 | AA34: 0 | AB34: 0 | AC34: 0 | AD34: 0 | AE34: 0 | AF34: 0 | AG34: 0 | AH34: 0 | AI34: 0 | AJ34: 0 | AK34: 0 | AL34: 0 | AM34: 0 | AN34: 0 | AO34: 0 | AP34: 0 | AQ34: 0 | AR34: 0 | AS34: 0 | AT34: 0 | AU34: 0 | AV34: 0 | AW34: 0 | AX34: 0 | AY34: 0 | AZ34: 0 | BA34: 0 | BB34: 0 | BC34: 0 | BD34: 0 | BE34: 0 | BF34: 0 | BG34: 0 | BH34: 0 | BI34: 0 | BJ34: 0 | BK34: 0 | BL34: 0 | BM34: 0 | BN34: 0 | BO34: 0 | BP34: 0 | BQ34: 0 | BR34: 0 | BS34: 0 | BT34: 0 | BU34: 0 | BV34: 0 | BW34: 0 | BX34: 0 | BY34: 0 | BZ34: 0 | CA34: 0 | CB34: 0 | CC34: 0 | CD34: 0 | CE34: 0 | CF34: 0 | CG34: 0 | CH34: 0 | CI34: 0 | CJ34: 0 | CK34: 0 | CL34: 0 | CM34: 0 | CN34: 0 | CO34: 0 | CP34: 0 | CQ34: 0 | CR34: 0 | CS34: 0 | CT34: 0 | CU34: 0 | CV34: 0 | CW34: 0 | CX34: 0 | CY34: 0 | CZ34: 0 | DA34: 0 | DB34: 0 | DC34: 0 | DD34: 0 | DE34: 0 | DF34: 0 | DG34: 0 | DH34: 0 | DI34: 0 | DJ34: 0 | DK34: 0 | DL34: 0 | DM34: 0 | DN34: 0 | DO34: 0 | DP34: 0 | DQ34: 0 | DR34: 0 | DS34: 0 | DT34: 0 | DU34: 0 | DV34: 0 | DW34: 0 | DX34: 0 | DY34: 0 | DZ34: 0 | EA34: 0 | EB34: 0 | EC34: 0 | ED34: 0 | EE34: 0 | EF34: 0 | EG34: 0 | EH34: 0 | EI34: 0 | EJ34: 0 | EK34: 0 | EL34: 0 | EM34: 0 | EN34: 0 | EO34: 0 | EP34: 0 | EQ34: 0 | ER34: 0 | ES34: =+$EY34 -> 0 | ET34: =ES34/ES35 -> 0 | EU34: =IF( SUM($EQ34:ES34)<0, "n/a", SUM($EQ34:ES34)/EU$74) -> 0 | EV34: =EU34/EU35 -> 0 | EX34: AMDR | EY34: =IF(ISERROR(VLOOKUP(EX34,IQSH01E!$A$1:$M$400,2,0)),0,VLOOKUP(EX34,IQSH01E!$A$1:$M$400,2,0)) -> 0 | EZ34: no
B35: Prepaid Total | C35: 2101837 | D35: 1 | E35: 1776625 | F35: 1 | G35: 1861039 | H35: 1 | I35: 1590086 | J35: 1 | K35: 1723053 | L35: 1 | M35: 1685976 | N35: 1 | O35: 1952008 | P35: 1 | Q35: 2014476 | R35: 1 | S35: 1970626 | T35: 1 | U35: 1850637 | V35: 1 | W35: 1864584 | X35: 1 | Y35: 1721049 | Z35: 1 | AA35: 2042662 | AB35: 1 | AC35: 1925944 | AD35: 1 | AE35: 2091965 | AF35: 1 | AG35: 1940992 | AH35: 1 | AI35: 2034516 | AJ35: 1 | AK35: 1966805 | AL35: 1 | AM35: 1979455 | AN35: 1 | AO35: 2205477 | AP35: 1 | AQ35: 1745535 | AR35: 1 | AS35: 2186186 | AT35: 1 | AU35: 2213347 | AV35: 1 | AW35: 1974056 | AX35: 1 | AY35: 2135506 | AZ35: 1 | BA35: 1394886 | BB35: 1 | BC35: 2062114 | BD35: 1 | BE35: 1980389 | BF35: 1 | BG35: 2373757 | BH35: 1 | BI35: 2374579 | BJ35: 1 | BK35: 2237482 | BL35: 1 | BM35: 2042110 | BN35: 1 | BO35: 1838662 | BP35: 1 | BQ35: 2099544 | BR35: 1 | BS35: 1692499 | BT35: 1 | BU35: 1469486 | BV35: 1 | BW35: 1844255 | BX35: 1 | BY35: 1209214 | BZ35: 1 | CA35: 1421506 | CB35: 1 | CC35: 1308789 | CD35: 1 | CE35: 1385444 | CF35: 1 | CG35: 1203904 | CH35: 1 | CI35: 1334910 | CJ35: 1 | CK35: 1805992 | CL35: 1 | CM35: 1488623 | CN35: 1 | CO35: 1999048 | CP35: 1 | CQ35: 1050772 | CR35: 1 | CS35: 1577283 | CT35: 1 | CU35: 1475491 | CV35: 1 | CW35: 1667459 | CX35: 1 | CY35: 1319814 | CZ35: 1 | DA35: 1536470 | DB35: 1 | DC35: 1599213 | DD35: 1 | DE35: 1338524 | DF35: 1 | DG35: 1723870 | DH35: 1 | DI35: 1763866 | DJ35: 1 | DK35: 1431401 | DL35: 1 | DM35: 1459847 | DN35: 1 | DO35: 1643588 | DP35: 1 | DQ35: 1491317 | DR35: 1 | DS35: 1199251 | DT35: 1 | DU35: 1503088 | DV35: 1 | DW35: 1537638 | DX35: 1 | DY35: 1494891 | DZ35: 1 | EA35: 1401146 | EB35: 1 | EC35: 1538960 | ED35: 1 | EE35: 1571671 | EF35: 1 | EG35: 1093746 | EH35: 1 | EI35: 1145571 | EJ35: 1 | EK35: 1563017 | EL35: 1 | EM35: 970095 | EN35: 1 | EO35: 1079682 | EP35: 1 | EQ35: 1043954 | ER35: 1 | ES35: =SUM(ES28:ES34) -> 1237529 | ET35: =ES35/ES35 -> 1 | EU35: =IF( SUM($EQ35:ES35)<0, "n/a", SUM($EQ35:ES35)/EU$74) -> 1140742 | EV35: =EU35/EU35 -> 1 | EX35: <--sub-total | EY35: =IF(ISERROR(VLOOKUP(EX35,IQSH01E!$A$1:$M$400,2,0)),0,VLOOKUP(EX35,IQSH01E!$A$1:$M$400,2,0)) -> 0
B36: CPU (Lolita) | C36: 1285414 | E36: 1256752 | G36: 1299657 | I36: 1673143 | K36: 1512885 | M36: 1690912 | O36: 1549693 | Q36: 1496470 | S36: 1220684 | U36: 1209932 | W36: 1502950 | Y36: 985901 | AA36: 1045355 | AC36: 1059114 | AE36: 1297468 | AG36: 1431803 | AI36: 1213704.5 | AK36: 1437210 | AM36: 1120193 | AO36: 1356139 | AQ36: 1350222 | AS36: 1314238 | AU36: 1201265 | AW36: 1085314 | AY36: 1181991 | BA36: 1198239 | BC36: 1919244 | BE36: 1243269 | BG36: 1376515 | BI36: 1513579 | BK36: 971414 | BM36: 1567365 | BO36: 1213594 | BQ36: 1114380 | BS36: 1070054 | BU36: 753018 | BW36: 980955 | BY36: 1083290 | CA36: 1336609 | CC36: 1137116 | CE36: 1369248 | CG36: 962883 | CI36: 898241 | CK36: 1251163 | CM36: 1064633 | CO36: 1157937 | CQ36: 1235725 | CS36: 974591 | CU36: 901544 | CW36: 1304529 | CY36: 1375593 | DA36: 1307840 | DC36: 1470361 | DE36: 1350825 | DG36: 1044530 | DI36: 1088137 | DK36: 1217607 | DM36: 1711754 | DO36: 1143473 | DQ36: 968175 | DS36: 1305756 | DU36: 1498528 | DW36: 1484404 | DY36: 1486192 | EA36: 1485383 | EC36: 1330992 | EE36: 1316908 | EG36: 1281850 | EI36: 1243687 | EK36: 1712295 | EM36: 1022762 | EO36: 1015234 | EQ36: 1323548 | ES36: =+$EY36 -> 1170819 | EU36: =IF( SUM($EQ36:ES36)<0, "n/a", SUM($EQ36:ES36)/EU$74) -> 1247183.5 | EX36: AMD C | EY36: =IF(ISERROR(VLOOKUP(EX36,IQSH01E!$A$1:$M$400,2,0)),0,VLOOKUP(EX36,IQSH01E!$A$1:$M$400,2,0)) -> 1170819 | EZ36: 1 space
B37: Wharehouse | C37: 0 | E37: 0 | G37: 0 | I37: 0 | K37: 0 | M37: 0 | O37: 0 | Q37: 0 | S37: 0 | U37: 0 | W37: 0 | Y37: 0 | AA37: 0 | AC37: 0 | AE37: 0 | AG37: 0 | AI37: 0 | AK37: 0 | AM37: 0 | AO37: 0 | AQ37: 0 | AS37: 0 | AU37: 0 | AW37: 0 | AY37: 0 | BA37: 0 | BC37: 0 | BE37: 0 | BG37: 0 | BI37: 0 | BK37: 0 | BM37: 0 | BO37: 0 | BQ37: 0 | BS37: 0 | BU37: 0 | BW37: 0 | BY37: 0 | CA37: 0 | CC37: 0 | CE37: 0 | CG37: 0 | CI37: 0 | CK37: 0 | CM37: 0 | CO37: 0 | CQ37: 0 | CS37: 0 | CU37: 0 | CW37: 0 | CY37: 0 | DA37: 0 | DC37: 0 | DE37: 0 | DG37: 0 | DI37: 0 | DK37: 0 | DM37: 0 | DO37: 0 | DQ37: 0 | DS37: 0 | DU37: 0 | DW37: 0 | DY37: 0 | EA37: 0 | EC37: 0 | EE37: 0 | EG37: 0 | EI37: 0 | EK37: 0 | EM37: 0 | EO37: 0 | EQ37: 0 | ES37: =+$EY37 -> 0 | EU37: =IF( SUM($EQ37:ES37)<0, "n/a", SUM($EQ37:ES37)/EU$74) -> 0 | EX37: AMD OS | EY37: =IF(ISERROR(VLOOKUP(EX37,IQSH01E!$A$1:$M$400,2,0)),0,VLOOKUP(EX37,IQSH01E!$A$1:$M$400,2,0)) -> 0 | EZ37: 2 spaces
B38: Grand Total | C38: 3387251 | E38: 3033377 | G38: 3160696 | I38: 3263229 | K38: 3235938 | M38: 3376888 | O38: 3501701 | Q38: 3510946 | S38: 3191310 | U38: 3060569 | W38: 3367534 | Y38: 2706950 | AA38: 3088017 | AC38: 2985058 | AE38: 3389433 | AG38: 3372795 | AI38: 3248220.5 | AK38: 3404015 | AM38: 3099648 | AO38: 3561616 | AQ38: 3095757 | AS38: 3500424 | AU38: 3414612 | AW38: 3059370 | AY38: 3317497 | BA38: 2593125 | BC38: 3981358 | BE38: 3223658 | BG38: 3750272 | BI38: 3888158 | BK38: 3208896 | BM38: 3609475 | BO38: 3052256 | BQ38: 3213924 | BS38: 2762553 | BU38: 2222504 | BW38: 2825210 | BY38: 2292504 | CA38: 2758115 | CC38: 2445905 | CE38: 2754692 | CG38: 2166787 | CI38: 2233151 | CK38: 3057155 | CM38: 2553256 | CO38: 3156985 | CQ38: 2286497 | CS38: 2551874 | CU38: 2377035 | CW38: 2971988 | CY38: 2695407 | DA38: 2844310 | DC38: 3069574 | DE38: 2689349 | DG38: 2768400 | DI38: 2852003 | DK38: 2649008 | DM38: 3171601 | DO38: 2787061 | DQ38: 2459492 | DS38: 2505007 | DU38: 3001616 | DW38: 3022042 | DY38: 2981083 | EA38: 2886529 | EC38: 2869952 | EE38: 2888579 | EG38: 2375596 | EI38: 2389258 | EK38: 3275312 | EM38: 1992857 | EO38: 2094916 | EQ38: 2367502 | ES38: =SUM(ES35:ES37) -> 2408348 | EU38: =IF( SUM($EQ38:ES38)<0, "n/a", SUM($EQ38:ES38)/EU$74) -> 2387925 | EX38: AMD T | EY38: =IF(ISERROR(VLOOKUP(EX38,IQSH01E!$A$1:$M$400,2,0)),0,VLOOKUP(EX38,IQSH01E!$A$1:$M$400,2,0)) -> 2408348 | EZ38: 1 space
B39: Intermodal | C39: 186858 | D39: 0.0047695139 | E39: 484266 | F39: 0.013828209 | G39: 226131 | H39: 0.0059447588 | I39: 151404 | J39: 0.0042764705 | K39: 0 | L39: 0 | M39: 322248 | N39: 0.0095598727 | O39: 254257 | P39: 0.0063742142 | Q39: 335446 | R39: 0.0090431699 | S39: 225644 | T39: 0.0058236683 | U39: 241806 | V39: 0.0065790158 | W39: 208060 | X39: 0.0067567378 | Y39: 201837 | Z39: 0.0065199256 | AA39: 326107 | AB39: 0.0086602845 | AC39: 221464 | AD39: 0.0072920841 | AE39: 198578 | AF39: 0.0056079381 | AG39: 161588 | AH39: 0.0043479929 | AI39: 166935 | AJ39: 0.0049910206 | AK39: 241555 | AL39: 0.006716821 | AM39: 118056 | AN39: 0.0032394136 | AO39: 121723 | AP39: 0.0034417471 | AQ39: 208353 | AR39: 0.0056892843 | AS39: 168862 | AT39: 0.0048198471 | AU39: 163964 | AV39: 0.0048486867 | AW39: 123503 | AX39: 0.003796761 | AY39: 204001 | AZ39: 0.0057654587 | BA39: 208506 | BB39: 0.006705258 | BC39: 338041 | BD39: 0.008218358 | BE39: 252045 | BF39: 0.0067086479 | BG39: 375382 | BH39: 0.010279639 | BI39: 213977 | BJ39: 0.0054145947 | BK39: 173761 | BL39: 0.0053697375 | BM39: 257294 | BN39: 0.007307904 | BO39: 171458 | BP39: 0.0051938836 | BQ39: 215262 | BR39: 0.006268834 | BS39: 173325 | BT39: 0.0054436959 | BU39: 85995 | BV39: 0.0031032568 | BW39: 210724 | BX39: 0.006399097 | BY39: 0 | BZ39: 0 | CA39: 0 | CB39: 0 | CC39: 0 | CD39: 0 | CE39: 0 | CF39: 0 | CG39: 0 | CH39: 0 | CI39: 0 | CJ39: 0 | CK39: 0 | CL39: 0 | CM39: 0 | CN39: 0 | CO39: 0 | CP39: 0 | CQ39: 0 | CR39: 0 | CS39: 0 | CT39: 0 | CU39: 0 | CV39: 0 | CW39: 0 | CX39: 0 | CY39: 0 | CZ39: 0 | DA39: 0 | DB39: 0 | DC39: 0 | DD39: 0 | DE39: 0 | DF39: 0 | DG39: 0 | DH39: 0 | DI39: 0 | DJ39: 0 | DK39: 0 | DL39: 0 | DM39: 0 | DN39: 0 | DO39: 0 | DP39: 0 | DQ39: 0 | DR39: 0 | DS39: 0 | DT39: 0 | DU39: 0 | DV39: 0 | DW39: 0 | DX39: 0 | DY39: 0 | DZ39: 0 | EA39: 0 | EB39: 0 | EC39: 0 | ED39: 0 | EE39: 0 | EF39: 0 | EG39: 0 | EH39: 0 | EI39: 0 | EJ39: 0 | EK39: 0 | EL39: 0 | EM39: 0 | EN39: 0 | EO39: 0 | EP39: 0 | EQ39: 0 | ER39: 0 | ES39: =ES6+ES17+ES28 -> 0 | ET39: =ES39/ES46 -> 0 | EU39: =IF( SUM($EQ39:ES39)<0, "n/a", SUM($EQ39:ES39)/EU$74) -> 0 | EV39: =EU39/EU46 -> 0
B40: FTL | C40: 35928748 | D40: 0.91707428 | E40: 31518730 | F40: 0.90001693 | G40: 34365250 | H40: 0.90342819 | I40: 33007059 | J40: 0.93229845 | K40: 30144898 | L40: 0.93740604 | M40: 30756862 | N40: 0.91243913 | O40: 36174794 | P40: 0.90690084 | Q40: 33245261 | R40: 0.89624722 | S40: 34065467 | T40: 0.879199 | U40: 32597347 | V40: 0.88690299 | W40: 27335759 | X40: 0.88772735 | Y40: 27482408 | Z40: 0.88776217 | AA40: 34224127 | AB40: 0.90887553 | AC40: 26963387 | AD40: 0.88781602 | AE40: 31810862 | AF40: 0.89835404 | AG40: 34311914 | AH40: 0.92326136 | AI40: 30364802 | AJ40: 0.90784648 | AK40: 32050954 | AL40: 0.89122776 | AM40: 33338868 | AN40: 0.91480641 | AO40: 32567177 | AP40: 0.92084476 | AQ40: 33702868 | AR40: 0.92029008 | AS40: 32746720 | AT40: 0.9346933 | AU40: 31527724 | AV40: 0.93232695 | AW40: 30231184 | AX40: 0.92937483 | AY40: 32979415 | AZ40: 0.93206141 | BA40: 28955268 | BB40: 0.93116047 | BC40: 38425478 | BD40: 0.93418946 | BE40: 34861309 | BF40: 0.92789876 | BG40: 33763682 | BH40: 0.92460068 | BI40: 36712498 | BJ40: 0.92899375 | BK40: 29655342 | BL40: 0.91643925 | BM40: 32305528 | BN40: 0.91757172 | BO40: 30754875 | BP40: 0.93164063 | BQ40: 31255338 | BR40: 0.91021419 | BS40: 29292572 | BT40: 0.92000492 | BU40: 25542558 | BV40: 0.92174102 | BW40: 30397933 | BX40: 0.92309999 | BY40: 28651010 | BZ40: 0.93050294 | CA40: 34920527 | CB40: 0.93023769 | CC40: 26593371 | CD40: 0.93689496 | CE40: 28130329 | CF40: 0.9372525 | CG40: 28903353 | CH40: 0.91777636 | CI40: 27329883 | CJ40: 0.93679155 | CK40: 32635441 | CL40: 0.93841945 | CM40: 30696540 | CN40: 0.94679329 | CO40: 31944146 | CP40: 0.94189663 | CQ40: 28732560 | CR40: 0.94534959 | CS40: 26952957 | CT40: 0.94170362 | CU40: 33672209 | CV40: 0.9423507 | CW40: 31345735 | CX40: 0.94165283 | CY40: 30940395 | CZ40: 0.9403901 | DA40: 33237665 | DB40: 0.92976627 | DC40: 32384342 | DD40: 0.92738003 | DE40: 30943186 | DF40: 0.93192009 | DG40: 31708979 | DH40: 0.92904079 | DI40: 33143569 | DJ40: 0.9361711 | DK40: 29306241 | DL40: 0.91574743 | DM40: 30485022 | DN40: 0.9076749 | DO40: 26211081 | DP40: 0.92635821 | DQ40: 29296217 | DR40: 0.92126376 | DS40: 30352593 | DT40: 0.91336915 | DU40: 27926657 | DV40: 0.90416017 | DW40: 28914228 | DX40: 0.90969606 | DY40: 27699186 | DZ40: 0.91898523 | EA40: 27518479 | EB40: 0.90761248 | EC40: 26399117 | ED40: 0.92674025 | EE40: 28799014 | EF40: 0.92112327 | EG40: 28231516 | EH40: 0.92552096 | EI40: 27623669 | EJ40: 0.93237992 | EK40: 27910323 | EL40: 0.92417552 | EM40: 22878314 | EN40: 0.9371666 | EO40: 26086784 | EP40: 0.92351694 | EQ40: 26924427 | ER40: 0.92119332 | ES40: =ES7+ES18+ES29 -> 26996941 | ET40: =ES40/ES46 -> 0.9320819 | EU40: =IF( SUM($EQ40:ES40)<0, "n/a", SUM($EQ40:ES40)/EU$74) -> 26960684 | EV40: =EU40/EU46 -> 0.92661295
B41: Railcar | C41: 185200 | D41: 0.0047271938 | E41: 184800 | F41: 0.0052769617 | G41: 187800 | H41: 0.0049370749 | I41: 0 | J41: 0 | K41: 0 | L41: 0 | M41: 0 | N41: 0 | O41: 190950 | P41: 0.0047871099 | Q41: 185550 | R41: 0.0050021768 | S41: 185800 | T41: 0.0047953306 | U41: 0 | V41: 0 | W41: 188750 | X41: 0.0061296465 | Y41: 0 | Z41: 0 | AA41: 177650 | AB41: 0.0047177753 | AC41: 185200 | AD41: 0.0060980294 | AE41: 0 | AF41: 0 | AG41: 190650 | AH41: 0.0051299901 | AI41: 193050 | AJ41: 0.0057718065 | AK41: 192850 | AL41: 0.005362501 | AM41: 0 | AN41: 0 | AO41: 193450 | AP41: 0.0054698453 | AQ41: 0 | AR41: 0 | AS41: 189100 | AT41: 0.0053975026 | AU41: 186500 | AV41: 0.0055151135 | AW41: 0 | AX41: 0 | AY41: 0 | AZ41: 0 | BA41: 0 | BB41: 0 | BC41: 0 | BD41: 0 | BE41: 0 | BF41: 0 | BG41: 0 | BH41: 0 | BI41: 0 | BJ41: 0 | BK41: 0 | BL41: 0 | BM41: 0 | BN41: 0 | BO41: 0 | BP41: 0 | BQ41: 0 | BR41: 0 | BS41: 0 | BT41: 0 | BU41: 0 | BV41: 0 | BW41: 0 | BX41: 0 | BY41: 0 | BZ41: 0 | CA41: 0 | CB41: 0 | CC41: 0 | CD41: 0 | CE41: 0 | CF41: 0 | CG41: 0 | CH41: 0 | CI41: 0 | CJ41: 0 | CK41: 0 | CL41: 0 | CM41: 0 | CN41: 0 | CO41: 0 | CP41: 0 | CQ41: 0 | CR41: 0 | CS41: 0 | CT41: 0 | CU41: 0 | CV41: 0 | CW41: 0 | CX41: 0 | CY41: 0 | CZ41: 0 | DA41: 0 | DB41: 0 | DC41: 0 | DD41: 0 | DE41: 0 | DF41: 0 | DG41: 0 | DH41: 0 | DI41: 0 | DJ41: 0 | DK41: 0 | DL41: 0 | DM41: 0 | DN41: 0 | DO41: 0 | DP41: 0 | DQ41: 0 | DR41: 0 | DS41: 0 | DT41: 0 | DU41: 0 | DV41: 0 | DW41: 0 | DX41: 0 | DY41: 0 | DZ41: 0 | EA41: 0 | EB41: 0 | EC41: 0 | ED41: 0 | EE41: 0 | EF41: 0 | EG41: 0 | EH41: 0 | EI41: 0 | EJ41: 0 | EK41: 0 | EL41: 0 | EM41: 0 | EN41: 0 | EO41: 0 | EP41: 0 | EQ41: 0 | ER41: 0 | ES41: =ES8+ES19+ES30 -> 0 | ET41: =ES41/ES46 -> 0 | EU41: =IF( SUM($EQ41:ES41)<0, "n/a", SUM($EQ41:ES41)/EU$74) -> 0 | EV41: =EU41/EU46 -> 0
B42: LTL | C42: 1986992.4 | D42: 0.050717593 | E42: 1684318.9 | F42: 0.048095705 | G42: 2079924.6 | H42: 0.054679147 | I42: 1837219.3 | J42: 0.051893041 | K42: 1470461.9 | L42: 0.045726473 | M42: 1756354.4 | N42: 0.052104357 | O42: 1874123.3 | P42: 0.046984206 | Q42: 1904533.9 | R42: 0.051343654 | S42: 2610529 | T42: 0.0673754 | U42: 2623774.7 | V42: 0.07138721 | W42: 2157094.5 | X42: 0.070051532 | Y42: 2205883.8 | Z42: 0.071256502 | AA42: 2176237.4 | AB42: 0.057793409 | AC42: 1990833.9 | AD42: 0.065551639 | AE42: 2503886.3 | AF42: 0.070710953 | AG42: 1797939.3 | AH42: 0.04837876 | AI42: 1749586.6 | AJ42: 0.052309118 | AK42: 2227778.5 | AL42: 0.061946925 | AM42: 2455397.5 | AN42: 0.067375213 | AO42: 2129785.2 | AP42: 0.06022019 | AQ42: 1968970.2 | AR42: 0.053764675 | AS42: 1566825.7 | AT42: 0.044722083 | AU42: 1434270.1 | AV42: 0.04241374 | AW42: 1748620.9 | AX42: 0.053756553 | AY42: 1597138.6 | AZ42: 0.045138193 | BA42: 1301828.9 | BB42: 0.041864974 | BC42: 1708792 | BD42: 0.041543672 | BE42: 1620494.4 | BF42: 0.043132483 | BG42: 1616695.6 | BH42: 0.044272358 | BI42: 1682003 | BJ42: 0.042562352 | BK42: 1648611.2 | BL42: 0.050947043 | BM42: 1819749.3 | BN42: 0.051686215 | BO42: 1488088.4 | BP42: 0.04507785 | BQ42: 1601041.1 | BR42: 0.046625326 | BS42: 1444619 | BT42: 0.045371796 | BU42: 1284375.5 | BV42: 0.046348591 | BW42: 1431126.4 | BX42: 0.043459294 | BY42: 1404582.5 | BZ42: 0.045616826 | CA42: 1854502 | CB42: 0.049401535 | CC42: 1388945.6 | CD42: 0.048933101 | CE42: 1480949.4 | CF42: 0.0493426 | CG42: 1817542.6 | CH42: 0.057712943 | CI42: 1457652.2 | CJ42: 0.04996422 | CK42: 1524173.8 | CL42: 0.043827026 | CM42: 1303220.9 | CN42: 0.040196089 | CO42: 1419022.9 | CP42: 0.041840932 | CQ42: 1303681.8 | CR42: 0.042893327 | CS42: 1228650 | CT42: 0.042927542 | CU42: 1393391 | CV42: 0.038995451 | CW42: 1539216.1 | CX42: 0.046239375 | CY42: 1449844.4 | CZ42: 0.044065995 | DA42: 2012025.1 | DB42: 0.056282927 | DC42: 1787955.1 | DD42: 0.051201098 | DE42: 1959238.5 | DF42: 0.059006649 | DG42: 1869271 | DH42: 0.054767737 | DI42: 1952880 | DJ42: 0.055160922 | DK42: 1682938 | DL42: 0.052587644 | DM42: 2275846 | DN42: 0.067762073 | DO42: 1791788 | DP42: 0.063325794 | DQ42: 2044801 | DR42: 0.064301853 | DS42: 2404758 | DT42: 0.072363892 | DU42: 2345319 | DV42: 0.075932613 | DW42: 2400347 | DX42: 0.075519437 | DY42: 2121808 | DZ42: 0.070395939 | EA42: 2165841 | EB42: 0.071433611 | EC42: 1700985 | ED42: 0.05971303 | EE42: 1769347 | EF42: 0.056591753 | EG42: 1821825 | EH42: 0.059725352 | EI42: 1749614 | EJ42: 0.059054608 | EK42: 1809671 | EL42: 0.059922404 | EM42: 1373653 | EN42: 0.056269081 | EO42: 1632607 | EP42: 0.05779709 | EQ42: 1750339 | ER42: 0.059886162 | ES42: =ES9+ES20+ES31 -> 1565570 | ET42: =ES42/ES46 -> 0.05405203 | EU42: =IF( SUM($EQ42:ES42)<0, "n/a", SUM($EQ42:ES42)/EU$74) -> 1657954.5 | EV42: =EU42/EU46 -> 0.056982312
B43: Export | C43: 867498 | D43: 0.022142717 | E43: 1115015 | F43: 0.031839239 | G43: 1156748 | H43: 0.030409753 | I43: 401714 | J43: 0.011346583 | K43: 488620 | L43: 0.015194457 | M43: 858360 | N43: 0.025464277 | O43: 1379752 | P43: 0.034590335 | Q43: 1399944 | R43: 0.037740595 | S43: 1618967 | T43: 0.041784079 | U43: 1276475 | V43: 0.034730111 | W43: 895497 | X43: 0.029081219 | Y43: 1040301 | Z43: 0.033604766 | AA43: 734178 | AB43: 0.019497252 | AC43: 1002284 | AD43: 0.033001929 | AE43: 880036 | AF43: 0.024852639 | AG43: 693470 | AH43: 0.018659818 | AI43: 965252 | AJ43: 0.028859092 | AK43: 1243473 | AL43: 0.034576745 | AM43: 520059 | AN43: 0.01427023 | AO43: 347680 | AP43: 0.0098307357 | AQ43: 732368 | AR43: 0.019998031 | AS43: 333381 | AT43: 0.0095157314 | AU43: 499758 | AV43: 0.014778671 | AW43: 379711 | AX43: 0.011673173 | AY43: 595322 | AZ43: 0.016824939 | BA43: 626020 | BB43: 0.020131918 | BC43: 648185 | BD43: 0.015758492 | BE43: 831061 | BF43: 0.022120239 | BG43: 720353 | BH43: 0.019726488 | BI43: 890000 | BJ43: 0.022521062 | BK43: 838541 | BL43: 0.025913439 | BM43: 802807 | BN43: 0.022802073 | BO43: 560287 | BP43: 0.016972468 | BQ43: 1252887 | BR43: 0.036486424 | BS43: 913902 | BT43: 0.02870333 | BU43: 791756 | BV43: 0.028571687 | BW43: 871137 | BX43: 0.026453988 | BY43: 703774 | BZ43: 0.022856568 | CA43: 753090 | CB43: 0.020061344 | CC43: 371329 | CD43: 0.013082067 | CE43: 349915 | CF43: 0.011658545 | CG43: 765939 | CH43: 0.024321078 | CI43: 379380 | CJ43: 0.01300408 | CK43: 608631 | CL43: 0.017500948 | CM43: 410415 | CN43: 0.012658696 | CO43: 544703 | CP43: 0.016060968 | CQ43: 346830 | CR43: 0.011411291 | CS43: 419666 | CT43: 0.014662621 | CU43: 650145 | CV43: 0.018194963 | CW43: 387843 | CX43: 0.011651137 | CY43: 494734 | CZ43: 0.015036749 | DA43: 491195 | DB43: 0.013740332 | DC43: 735199 | DD43: 0.021053658 | DE43: 291372 | DF43: 0.0087752895 | DG43: 538928 | DH43: 0.015790042 | DI43: 301155 | DJ43: 0.0085064046 | DK43: 1000839 | DL43: 0.031273739 | DM43: 806264 | DN43: 0.024006071 | DO43: 266016 | DP43: 0.0094016002 | DQ43: 453068 | DR43: 0.014247407 | DS43: 467664 | DT43: 0.014072928 | DU43: 610768 | DV43: 0.019774372 | DW43: 454661 | DX43: 0.014304491 | DY43: 310692 | DZ43: 0.010307933 | EA43: 613363 | EB43: 0.020229894 | EC43: 383523 | ED43: 0.013463564 | EE43: 687617 | EF43: 0.021993115 | EG43: 412282 | EH43: 0.013515945 | EI43: 235242 | EJ43: 0.007940108 | EK43: 463947 | EL43: 0.015362361 | EM43: 109439 | EN43: 0.0044829604 | EO43: 492194 | EP43: 0.017424513 | EQ43: 529372 | ER43: 0.018111953 | ES43: =ES10+ES21+ES32 -> 383445 | ET43: =ES43/ES46 -> 0.013238616 | EU43: =IF( SUM($EQ43:ES43)<0, "n/a", SUM($EQ43:ES43)/EU$74) -> 456408.51 | EV43: =EU43/EU46 -> 0.015686324
A44: TOTAL | B44: Sample | C44: 22280.56 | D44: 0.00056870694 | E44: 20245.51 | F44: 0.00057811028 | G44: 8037.12 | H44: 0.00021128788 | I44: 6565.82 | J44: 0.00018545438 | K44: 53800.88 | L44: 0.0016730284 | M44: 8786.33 | N44: 0.000260657 | O44: 14491.09 | P44: 0.00036329113 | Q44: 5592.21 | R44: 0.00015075841 | S44: 8306.66 | T44: 0.00021438741 | U44: 14726.46 | V44: 0.00040067498 | W44: 7806.31 | X44: 0.00025350951 | Y44: 6666.76 | Z44: 0.00021535585 | AA44: 8261.42 | AB44: 0.00021939501 | AC44: 7297.93 | AD44: 0.00024029693 | AE44: 12431.58 | AF44: 0.00035107379 | AG44: 8253.26 | AH44: 0.00022207785 | AI44: 5782.25 | AJ44: 0.00017287764 | AK44: 6086.49 | AL44: 0.00016924454 | AM44: 9592.6 | AN44: 0.00026321745 | AO44: 6815.87 | AP44: 0.00019272037 | AQ44: 518 | AR44: 1.4144501e-05 | AS44: 6113.16 | AT44: 0.00017448861 | AU44: 3951.07 | AV44: 0.00011683968 | AW44: 45497.07 | AX44: 0.0013986826 | AY44: 7430.57 | AZ44: 0.00021000213 | BA44: 4271.85 | BB44: 0.00013737665 | BC44: 10270.32 | BD44: 0.00024968914 | BE44: 5254.89 | BF44: 0.0001398687 | BG44: 40929.58 | BH44: 0.001120835 | BI44: 20084.98 | BJ44: 0.00050824166 | BK44: 40591.16 | BL44: 0.0012543889 | BM44: 22254.27 | BN44: 0.00063208652 | BO44: 36813.31 | BP44: 0.0011151655 | BQ44: 13914.86 | BR44: 0.00040522688 | BS44: 15163.99 | BT44: 0.00047626223 | BU44: 6524.52 | BV44: 0.00023544696 | BW44: 7754.73 | BX44: 0.0002354894 | BY44: 8327.52 | BZ44: 0.00027045405 | CA44: 11240.28 | CB44: 0.00029942653 | CC44: 30935.6 | CD44: 0.0010898734 | CE44: 52414.43 | CF44: 0.0017463556 | CG44: 5971.56 | CH44: 0.00018961663 | CI44: 7006.23 | CJ44: 0.00024015387 | CK44: 8783.8 | CL44: 0.00025257476 | CM44: 11409.95 | CN44: 0.00035192449 | CO44: 6832.87 | CP44: 0.00020147219 | CQ44: 10509.83 | CR44: 0.0003457911 | CS44: 20213.03 | CT44: 0.00070621875 | CU44: 16396.99 | CV44: 0.00045888629 | CW44: 15201.1 | CX44: 0.00045665412 | CY44: 16686.42 | CZ44: 0.00050716044 | DA44: 7523.93 | DB44: 0.00021046895 | DC44: 12753.19 | DD44: 0.00036520902 | DE44: 8613.72 | DF44: 0.00025942056 | DG44: 13701.15 | DH44: 0.00040142974 | DI44: 5720.34 | DJ44: 0.00016157635 | DK44: 12518.85 | DL44: 0.00039118305 | DM44: 18705.74 | DN44: 0.00055695321 | DO44: 14892.69 | DP44: 0.00052634096 | DQ44: 5946.12 | DR44: 0.00018698472 | DS44: 6447.99 | DT44: 0.00019403269 | DU44: 4103.03 | DV44: 0.00013284069 | DW44: 15256.78 | DX44: 0.00048000703 | DY44: 9370.92 | DZ44: 0.00031090217 | EA44: 21951.76 | EB44: 0.00072401136 | EC44: 2368.76 | ED44: 8.3155252e-05 | EE44: 9125.08 | EF44: 0.0002918615 | EG44: 16334.4 | EH44: 0.00053549478 | EI44: 18527.77 | EJ44: 0.00062536663 | EK44: 11223.98 | EL44: 0.00037165201 | EM44: 43244.61 | EN44: 0.0017714331 | EO44: 35632.79 | EP44: 0.0012614619 | EQ44: 23632.49 | ER44: 0.00080856287 | ES44: =ES11+ES22+ES33 -> 18173.52 | ET44: =ES44/ES46 -> 0.0006274492 | EU44: =IF( SUM($EQ44:ES44)<0, "n/a", SUM($EQ44:ES44)/EU$74) -> 20903.005 | EV44: =EU44/EU46 -> 0.00071841631
B45: Reconsignment | C45: 0 | D45: 0 | E45: 12777 | F45: 0.00036484707 | G45: 14827.06 | H45: 0.00038978864 | I45: 0 | J45: 0 | K45: 0 | L45: 0 | M45: 5788 | N45: 0.00017170795 | O45: 0 | P45: 0 | Q45: 17524 | R45: 0.00047242331 | S45: 31312 | T45: 0.0008081345 | U45: 0 | V45: 0 | W45: 0 | X45: 0 | Y45: 19852 | Z45: 0.00064127768 | AA45: 8900 | AB45: 0.0002363535 | AC45: 0 | AD45: 0 | AE45: 4368 | AF45: 0.00012335442 | AG45: 0 | AH45: 0 | AI45: 1659 | AJ45: 4.9600762e-05 | AK45: 0 | AL45: 0 | AM45: 1658.88 | AN45: 4.5519063e-05 | AO45: 0 | AP45: 0 | AQ45: 8928 | AR45: 0.00024378785 | AS45: 23720 | AT45: 0.00067704263 | AU45: 0 | AV45: 0 | AW45: 0 | AX45: 0 | AY45: 0 | AZ45: 0 | BA45: 0 | BB45: 0 | BC45: 1659 | BD45: 4.0333143e-05 | BE45: 0 | BF45: 0 | BG45: 0 | BH45: 0 | BI45: 0 | BJ45: 0 | BK45: 2464 | BL45: 7.614501e-05 | BM45: 0 | BN45: 0 | BO45: 0 | BP45: 0 | BQ45: 0 | BR45: 0 | BS45: 0 | BT45: 0 | BU45: 0 | BV45: 0 | BW45: 11596 | BX45: 0.000352138 | BY45: 23192 | BZ45: 0.00075320988 | CA45: 0 | CB45: 0 | CC45: 0 | CD45: 0 | CE45: 0 | CF45: 0 | CG45: 0 | CH45: 0 | CI45: 0 | CJ45: 0 | CK45: 0 | CL45: 0 | CM45: 0 | CN45: 0 | CO45: 0 | CP45: 0 | CQ45: 0 | CR45: 0 | CS45: 0 | CT45: 0 | CU45: 0 | CV45: 0 | CW45: 0 | CX45: 0 | CY45: 0 | CZ45: 0 | DA45: 0 | DB45: 0 | DC45: 0 | DD45: 0 | DE45: 1280 | DF45: 3.8549931e-05 | DG45: 0 | DH45: 0 | DI45: 0 | DJ45: 0 | DK45: 0 | DL45: 0 | DM45: 0 | DN45: 0 | DO45: 10980 | DP45: 0.00038805775 | DQ45: 0 | DR45: 0 | DS45: 0 | DT45: 0 | DU45: 0 | DV45: 0 | DW45: 0 | DX45: 0 | DY45: 0 | DZ45: 0 | EA45: 0 | EB45: 0 | EC45: 0 | ED45: 0 | EE45: 0 | EF45: 0 | EG45: 21421 | EH45: 0.00070225008 | EI45: 0 | EJ45: 0 | EK45: 5075.49 | EL45: 0.00016806124 | EM45: 7566 | EN45: 0.00030992679 | EO45: 0 | EP45: 0 | EQ45: 0 | ER45: 0 | ES45: =ES12+ES23+ES34 -> 0 | ET45: =ES45/ES46 -> 0 | EU45: =IF( SUM($EQ45:ES45)<0, "n/a", SUM($EQ45:ES45)/EU$74) -> 0 | EV45: =EU45/EU46 -> 0
B46: Prepaid Total | C46: 39177577 | D46: 1 | E46: 35020152 | F46: 1 | G46: 38038718 | H46: 1 | I46: 35403962 | J46: 1 | K46: 32157781 | L46: 1 | M46: 33708399 | N46: 1 | O46: 39888368 | P46: 1 | Q46: 37093851 | R46: 1 | S46: 38746025 | T46: 1 | U46: 36754129 | V46: 1 | W46: 30792966 | X46: 1 | Y46: 30956948 | Z46: 1 | AA46: 37655461 | AB46: 1 | AC46: 30370467 | AD46: 1 | AE46: 35410162 | AF46: 1 | AG46: 37163814 | AH46: 1 | AI46: 33447067 | AJ46: 1 | AK46: 35962697 | AL46: 1 | AM46: 36443632 | AN46: 1 | AO46: 35366631 | AP46: 1 | AQ46: 36622005 | AR46: 1 | AS46: 35034722 | AT46: 1 | AU46: 33816167 | AV46: 1 | AW46: 32528515 | AX46: 1 | AY46: 35383308 | AZ46: 1 | BA46: 31095895 | BB46: 1 | BC46: 41132426 | BD46: 1 | BE46: 37570164 | BF46: 1 | BG46: 36517042 | BH46: 1 | BI46: 39518563 | BJ46: 1 | BK46: 32359310 | BL46: 1 | BM46: 35207633 | BN46: 1 | BO46: 33011522 | BP46: 1 | BQ46: 34338443 | BR46: 1 | BS46: 31839582 | BT46: 1 | BU46: 27711210 | BV46: 1 | BW46: 32930271 | BX46: 1 | BY46: 30790887 | BZ46: 1 | CA46: 37539359 | CB46: 1 | CC46: 28384582 | CD46: 1 | CE46: 30013607 | CF46: 1 | CG46: 31492807 | CH46: 1 | CI46: 29173921 | CJ46: 1 | CK46: 34777030 | CL46: 1 | CM46: 32421586 | CN46: 1 | CO46: 33914705 | CP46: 1 | CQ46: 30393582 | CR46: 1 | CS46: 28621486 | CT46: 1 | CU46: 35732142 | CV46: 1 | CW46: 33287995 | CX46: 1 | CY46: 32901659 | CZ46: 1 | DA46: 35748409 | DB46: 1 | DC46: 34920249 | DD46: 1 | DE46: 33203691 | DF46: 1 | DG46: 34130879 | DH46: 1 | DI46: 35403324 | DJ46: 1 | DK46: 32002537 | DL46: 1 | DM46: 33585838 | DN46: 1 | DO46: 28294758 | DP46: 1 | DQ46: 31800032 | DR46: 1 | DS46: 33231463 | DT46: 1 | DU46: 30886847 | DV46: 1 | DW46: 31784493 | DX46: 1 | DY46: 30141057 | DZ46: 1 | EA46: 30319635 | EB46: 1 | EC46: 28485994 | ED46: 1 | EE46: 31265103 | EF46: 1 | EG46: 30503378 | EH46: 1 | EI46: 29627053 | EJ46: 1 | EK46: 30200240 | EL46: 1 | EM46: 24412217 | EN46: 1 | EO46: 28247218 | EP46: 1 | EQ46: 29227770 | ER46: 1 | ES46: =ES13+ES24+ES35 -> 28964130 | ET46: =ES46/ES46 -> 1 | EU46: =IF( SUM($EQ46:ES46)<0, "n/a", SUM($EQ46:ES46)/EU$74) -> 29095951 | EV46: =EU46/EU46 -> 1
B47: CPU (Lolita) | C47: 7832910.5 | E47: 7588071.8 | G47: 8509975.2 | I47: 9111918 | K47: 8625550.4 | M47: 9396916.8 | O47: 9263949.1 | Q47: 8747212 | S47: 8896340.3 | U47: 7527964.4 | W47: 7663221 | Y47: 9232820.8 | AA47: 6385362.5 | AC47: 6997649 | AE47: 7086023 | AG47: 5532351.3 | AI47: 6544400.5 | AK47: 7350002 | AM47: 5658215 | AO47: 6785496 | AQ47: 7088801.6 | AS47: 6144638.8 | AU47: 7439410.8 | AW47: 6717459 | AY47: 7500158.8 | BA47: 7153274.8 | BC47: 8892222 | BE47: 6099104.3 | BG47: 6218766 | BI47: 8466262.3 | BK47: 6657869.8 | BM47: 8653180.2 | BO47: 8680371 | BQ47: 8971073 | BS47: 6506508 | BU47: 4957674 | BW47: 7866132 | BY47: 6435995 | CA47: 8627592.2 | CC47: 5864789 | CE47: 6972094 | CG47: 6665384 | CI47: 6679508 | CK47: 6796354 | CM47: 6685468 | CO47: 5791767 | CQ47: 5963146 | CS47: 5012862.9 | CU47: 6968849 | CW47: 6695674 | CY47: 6870411 | DA47: 7698340 | DC47: 8058807 | DE47: 8767072 | DG47: 9191120 | DI47: 8756298 | DK47: 7976026 | DM47: 8978280 | DO47: 5961369 | DQ47: 7850812.2 | DS47: 7529907 | DU47: 6891852 | DW47: 8092663 | DY47: 8033535 | EA47: 7024998 | EC47: 7501596 | EE47: 8135602 | EG47: 7134075 | EI47: 8466701 | EK47: 8377164.5 | EM47: 5793318 | EO47: 7913910 | EQ47: 9401774 | ES47: =ES14+ES25+ES36 -> 6618666 | EU47: =IF( SUM($EQ47:ES47)<0, "n/a", SUM($EQ47:ES47)/EU$74) -> 8010220
B48: Wharehouse | C48: 1246976 | E48: 1006500 | G48: 1475075 | I48: 954493 | K48: 848171 | M48: 1156756 | O48: 1436694 | Q48: 1019684 | S48: 535459.52 | U48: 452645.96 | W48: 349354 | Y48: 521897 | AA48: 787155 | AC48: 656229 | AE48: 346202 | AG48: 934446 | AI48: 1263244 | AK48: 1099897 | AM48: 573088 | AO48: 221458 | AQ48: 381600 | AS48: 230857 | AU48: 581177 | AW48: 645572 | AY48: 899557 | BA48: 797185 | BC48: 1145458 | BE48: 884424 | BG48: 999199 | BI48: 1131623 | BK48: 1165090 | BM48: 1331563 | BO48: 953499 | BQ48: 1406257 | BS48: 1022813 | BU48: 1234312 | BW48: 1041298 | BY48: 1130394 | CA48: 1358598 | CC48: 1062974 | CE48: 789501 | CG48: 1424713 | CI48: 853728 | CK48: 1143529 | CM48: 931396 | CO48: 1304256 | CQ48: 1159200 | CS48: 770883 | CU48: 1148181 | CW48: 1190628 | CY48: 922059 | DA48: 1384194 | DC48: 1772736 | DE48: 1086206 | DG48: 1370164 | DI48: 1366852 | DK48: 951201 | DM48: 1323887 | DO48: 841083 | DQ48: 1219141 | DS48: 1256923 | DU48: 1214948 | DW48: 1231548 | DY48: 1331002 | EA48: 1295714 | EC48: 1573758 | EE48: 1453376 | EG48: 892725 | EI48: 1242189 | EK48: 1247196 | EM48: 694732 | EO48: 830698 | EQ48: 839845 | ES48: =ES15+ES26+ES37 -> 667697 | EU48: =IF( SUM($EQ48:ES48)<0, "n/a", SUM($EQ48:ES48)/EU$74) -> 753771
B49: Grand Total | C49: 48257464 | E49: 43614724 | G49: 48023768 | I49: 45470373 | K49: 41631502 | M49: 44262071 | O49: 50589011 | Q49: 46860747 | S49: 48177825 | U49: 44734740 | W49: 38805541 | Y49: 40711666 | AA49: 44827978 | AC49: 38024345 | AE49: 42842387 | AG49: 43630612 | AI49: 41254712 | AK49: 44412596 | AM49: 42674935 | AO49: 42373585 | AQ49: 44092407 | AS49: 41410217 | AU49: 41836755 | AW49: 39891546 | AY49: 43783023 | BA49: 39046355 | BC49: 51170106 | BE49: 44553692 | BG49: 43735007 | BI49: 49116448 | BK49: 40182270 | BM49: 45192376 | BO49: 42645392 | BQ49: 44715773 | BS49: 39368903 | BU49: 33903196 | BW49: 41837701 | BY49: 38357276 | CA49: 47525549 | CC49: 35312345 | CE49: 37775202 | CG49: 39582904 | CI49: 36707157 | CK49: 42716913 | CM49: 40038450 | CO49: 41010728 | CQ49: 37515928 | CS49: 34405232 | CU49: 43849172 | CW49: 41174297 | CY49: 40694129 | DA49: 44830943 | DC49: 44751792 | DE49: 43056969 | DG49: 44692163 | DI49: 45526474 | DK49: 40929764 | DM49: 43888005 | DO49: 35097210 | DQ49: 40869985 | DS49: 42018293 | DU49: 38993647 | DW49: 41108704 | DY49: 39505594 | EA49: 38640347 | EC49: 37561348 | EE49: 40854081 | EG49: 38530178 | EI49: 39335943 | EK49: 39824601 | EM49: 30900267 | EO49: 36991826 | EQ49: 39469389 | ES49: =SUM(ES46:ES48) -> 36250493 | EU49: =IF( SUM($EQ49:ES49)<0, "n/a", SUM($EQ49:ES49)/EU$74) -> 37859941 | EY49: =EY16+EY27+EY38 -> 36250493 | EZ49: =IF(ES49-EY49=0,"OK","CHECK") -> OK
A50: NOTE : | B50: 1. FTL - FULL TRUCK LOAD, LTL - LESS THAN TRUCK LOAD, CPU - CUSTOMER PICK UP | EU50: =IF( SUM($EQ50:ES50)<0, "n/a", SUM($EQ50:ES50)/EU$74) -> 0 | EV50: =EU50/EU57 -> #DIV/0! | EY50: =EY49+WP!EY49+'IBS '!EY71 -> 81780652
B51: 2. The shipping weight is based on AS400 Key-in information including Lolita, Outside Warehouses, and Reconsigned shipments. | EU51: =IF( SUM($EQ51:ES51)<0, "n/a", SUM($EQ51:ES51)/EU$74) -> 0 | EV51: =EU51/EU57 -> #DIV/0!
B52: 3. The total shipping weight did not subtract the return and reconsign shipment(s). | EU52: =IF( SUM($EQ52:ES52)<0, "n/a", SUM($EQ52:ES52)/EU$74) -> 0 | EV52: =EU52/EU57 -> #DIV/0! | EY52: =+ES49+WP!ES49+'IBS '!ES71 -> 81780652
EU53: =IF( SUM($EQ53:ES53)<0, "n/a", SUM($EQ53:ES53)/EU$74) -> 0 | EV53: =EU53/EU57 -> #DIV/0! | EY53: =EY50-EY52 -> 0
EU54: =IF( SUM($EQ54:ES54)<0, "n/a", SUM($EQ54:ES54)/EU$74) -> 0 | EV54: =EU54/EU57 -> #DIV/0!
EU55: =IF( SUM($EQ55:ES55)<0, "n/a", SUM($EQ55:ES55)/EU$74) -> 0 | EV55: =EU55/EU57 -> #DIV/0!
EU56: =IF( SUM($EQ56:ES56)<0, "n/a", SUM($EQ56:ES56)/EU$74) -> 0 | EV56: =EU56/EU57 -> #DIV/0!
EU57: =IF( SUM($EQ57:ES57)<0, "n/a", SUM($EQ57:ES57)/EU$74) -> 0 | EV57: =EU57/EU57 -> #DIV/0!
EU58: =IF( SUM($EQ58:ES58)<0, "n/a", SUM($EQ58:ES58)/EU$74) -> 0
EU59: =IF( SUM($EQ59:ES59)<0, "n/a", SUM($EQ59:ES59)/EU$74) -> 0
EU60: =IF( SUM($EQ60:ES60)<0, "n/a", SUM($EQ60:ES60)/EU$74) -> 0
EU61: =IF( SUM($EQ61:ES61)<0, "n/a", SUM($EQ61:ES61)/EU$74) -> 0 | EV61: =EU61/EU68 -> #DIV/0!
EU62: =IF( SUM($EQ62:ES62)<0, "n/a", SUM($EQ62:ES62)/EU$74) -> 0 | EV62: =EU62/EU68 -> #DIV/0!
EU63: =IF( SUM($EQ63:ES63)<0, "n/a", SUM($EQ63:ES63)/EU$74) -> 0 | EV63: =EU63/EU68 -> #DIV/0!
EU64: =IF( SUM($EQ64:ES64)<0, "n/a", SUM($EQ64:ES64)/EU$74) -> 0 | EV64: =EU64/EU68 -> #DIV/0!
EU65: =IF( SUM($EQ65:ES65)<0, "n/a", SUM($EQ65:ES65)/EU$74) -> 0 | EV65: =EU65/EU68 -> #DIV/0!
EU66: =IF( SUM($EQ66:ES66)<0, "n/a", SUM($EQ66:ES66)/EU$74) -> 0 | EV66: =EU66/EU68 -> #DIV/0!
EU67: =IF( SUM($EQ67:ES67)<0, "n/a", SUM($EQ67:ES67)/EU$74) -> 0 | EV67: =EU67/EU68 -> #DIV/0!
EU68: =IF( SUM($EQ68:ES68)<0, "n/a", SUM($EQ68:ES68)/EU$74) -> 0 | EV68: =EU68/EU68 -> #DIV/0!
EU69: =IF( SUM($EQ69:ES69)<0, "n/a", SUM($EQ69:ES69)/EU$74) -> 0
EU70: =IF( SUM($EQ70:ES70)<0, "n/a", SUM($EQ70:ES70)/EU$74) -> 0
EU71: =IF( SUM($EQ71:ES71)<0, "n/a", SUM($EQ71:ES71)/EU$74) -> 0
EU73: # of Mons
EU74: 2

Sheet WP
A1: TRANSPORTATION TYPE FOR SHIPPING VOLUME (WORLD-PAK)
A4: Product | B4: Transportation | C4: 20/01 | E4: 20/02 | G4: 20/03 | I4: 20/04 | K4: 20/05 | M4: 20/06 | O4: 20/07 | Q4: 20/08 | S4: 20/09 | U4: 20/10 | W4: 20/11 | Y4: 20/12 | AA4: 21/01 | AC4: 21/02 | AE4: 21/03 | AG4: 21/04 | AI4: 21/05 | AK4: 21/06 | AM4: 21/07 | AO4: 21/08 | AQ4: 21/09 | AS4: 21/10 | AU4: 21/11 | AW4: 21/12 | AY4: 22/01 | BA4: 22/02 | BC4: 22/03 | BE4: 22/04 | BG4: 22/05 | BI4: 22/06 | BK4: 22/07 | BM4: 22/08 | BO4: 22/09 | BQ4: 22/10 | BS4: 22/11 | BU4: 22/12 | BW4: 23/01 | BY4: 23/02 | CA4: 23/03 | CC4: 23/04 | CE4: 23/05 | CG4: 23/06 | CI4: 23/07 | CK4: 23/08 | CM4: 23/09 | CO4: 23/10 | CQ4: 23/11 | CS4: 23/12 | CU4: 24/01 | CW4: 24/02 | CY4: 24/03 | DA4: 24/04 | DC4: 24/05 | DE4: 24/06 | DG4: 24/07 | DI4: 24/08 | DK4: 24/09 | DM4: 24/10 | DO4: 24/11 | DQ4: 24/12 | DS4: 25/01 | DU4: 25/02 | DW4: 25/03 | DY4: 25/04 | EA4: 25/05 | EC4: 25/06 | EE4: 25/07 | EG4: 25/08 | EI4: 25/09 | EK4: 25/10 | EM4: 25/11 | EO4: 25/12 | EQ4: 26/01 | ES4: =+AM!ES4 -> 26/02 | EU4: 2026 YTD-Avg
B5: Type | C5: Weight | D5: % | E5: Weight | F5: % | G5: Weight | H5: % | I5: Weight | J5: % | K5: Weight | L5: % | M5: Weight | N5: % | O5: Weight | P5: % | Q5: Weight | R5: % | S5: Weight | T5: % | U5: Weight | V5: % | W5: Weight | X5: % | Y5: Weight | Z5: % | AA5: Weight | AB5: % | AC5: Weight | AD5: % | AE5: Weight | AF5: % | AG5: Weight | AH5: % | AI5: Weight | AJ5: % | AK5: Weight | AL5: % | AM5: Weight | AN5: % | AO5: Weight | AP5: % | AQ5: Weight | AR5: % | AS5: Weight | AT5: % | AU5: Weight | AV5: % | AW5: Weight | AX5: % | AY5: Weight | AZ5: % | BA5: Weight | BB5: % | BC5: Weight | BD5: % | BE5: Weight | BF5: % | BG5: Weight | BH5: % | BI5: Weight | BJ5: % | BK5: Weight | BL5: % | BM5: Weight | BN5: % | BO5: Weight | BP5: % | BQ5: Weight | BR5: % | BS5: Weight | BT5: % | BU5: Weight | BV5: % | BW5: Weight | BX5: % | BY5: Weight | BZ5: % | CA5: Weight | CB5: % | CC5: Weight | CD5: % | CE5: Weight | CF5: % | CG5: Weight | CH5: % | CI5: Weight | CJ5: % | CK5: Weight | CL5: % | CM5: Weight | CN5: % | CO5: Weight | CP5: % | CQ5: Weight | CR5: % | CS5: Weight | CT5: % | CU5: Weight | CV5: % | CW5: Weight | CX5: % | CY5: Weight | CZ5: % | DA5: Weight | DB5: % | DC5: Weight | DD5: % | DE5: Weight | DF5: % | DG5: Weight | DH5: % | DI5: Weight | DJ5: % | DK5: Weight | DL5: % | DM5: Weight | DN5: % | DO5: Weight | DP5: % | DQ5: Weight | DR5: % | DS5: Weight | DT5: % | DU5: Weight | DV5: % | DW5: Weight | DX5: % | DY5: Weight | DZ5: % | EA5: Weight | EB5: % | EC5: Weight | ED5: % | EE5: Weight | EF5: % | EG5: Weight | EH5: % | EI5: Weight | EJ5: % | EK5: Weight | EL5: % | EM5: Weight | EN5: % | EO5: Weight | EP5: % | EQ5: Weight | ER5: % | ES5: Weight | ET5: % | EU5: Weight | EV5: % | EX5: Type | EZ5: with sample | FB5: H+S | FC5: Space
B6: Intermodal | C6: 87076.66 | D6: 0.0259871 | E6: 189829.15 | F6: 0.055223033 | G6: 28050 | H6: 0.0095269565 | I6: 0 | J6: 0 | K6: 93887.97 | L6: 0.018973779 | M6: 0 | N6: 0 | O6: 0 | P6: 0 | Q6: 64113.55 | R6: 0.016239309 | S6: 31579.54 | T6: 0.0066543035 | U6: 53217.95 | V6: 0.01267091 | W6: 26882.25 | X6: 0.0083301205 | Y6: 28050.06 | Z6: 0.00969275 | AA6: 25846 | AB6: 0.0082336677 | AC6: 56100.05 | AD6: 0.017747904 | AE6: 57405.34 | AF6: 0.012161281 | AG6: 0 | AH6: 0 | AI6: 28204.04 | AJ6: 0.0083217526 | AK6: 57869.94 | AL6: 0.012553133 | AM6: 56100.07 | AN6: 0.018809778 | AO6: 28869.48 | AP6: 0.0091171329 | AQ6: 0 | AR6: 0 | AS6: 51287.74 | AT6: 0.01673085 | AU6: 0 | AV6: 0 | AW6: 0 | AX6: 0 | AY6: 0 | AZ6: 0 | BA6: 0 | BB6: 0 | BC6: 0 | BD6: 0 | BE6: 0 | BF6: 0 | BG6: 0 | BH6: 0 | BI6: 0 | BJ6: 0 | BK6: 0 | BL6: 0 | BM6: 0 | BN6: 0 | BO6: 28708.8 | BP6: 0.0080355108 | BQ6: 0 | BR6: 0 | BS6: 0 | BT6: 0 | BU6: 0 | BV6: 0 | BW6: 0 | BX6: 0 | BY6: 0 | BZ6: 0 | CA6: 0 | CB6: 0 | CC6: 0 | CD6: 0 | CE6: 0 | CF6: 0 | CG6: 0 | CH6: 0 | CI6: 0 | CJ6: 0 | CK6: 0 | CL6: 0 | CM6: 0 | CN6: 0 | CO6: 0 | CP6: 0 | CQ6: 0 | CR6: 0 | CS6: 0 | CT6: 0 | CU6: 0 | CV6: 0 | CW6: 0 | CX6: 0 | CY6: 0 | CZ6: 0 | DA6: 0 | DB6: 0 | DC6: 0 | DD6: 0 | DE6: 0 | DF6: 0 | DG6: 0 | DH6: 0 | DI6: 0 | DJ6: 0 | DK6: 0 | DL6: 0 | DM6: 0 | DN6: 0 | DO6: 0 | DP6: 0 | DQ6: 0 | DR6: 0 | DS6: 0 | DT6: 0 | DU6: 0 | DV6: 0 | DW6: 0 | DX6: 0 | DY6: 0 | DZ6: 0 | EA6: 0 | EB6: 0 | EC6: 0 | ED6: 0 | EE6: 0 | EF6: 0 | EG6: 0 | EH6: 0 | EI6: 0 | EJ6: 0 | EK6: 0 | EL6: 0 | EM6: 0 | EN6: 0 | EO6: 0 | EP6: 0 | EQ6: 0 | ER6: 0 | ES6: =+$FB6 -> 0 | ET6: =ES6/ES13 -> 0 | EU6: =IF( SUM($EQ6:ES6)<0, "n/a", SUM($EQ6:ES6)/EU$74) -> 0 | EV6: =EU6/EU13 -> 0 | EX6: WPHI | EY6: =IF(ISERROR(VLOOKUP(EX6,IQSH01E!$A$1:$M$400,2,0)),0,VLOOKUP(EX6,IQSH01E!$A$1:$M$400,2,0)) -> 0 | EZ6: WPSI | FA6: =IF(ISERROR(VLOOKUP(EZ6,IQSH01E!$A$1:$M$400,2,0)),0,VLOOKUP(EZ6,IQSH01E!$A$1:$M$400,2,0)) -> 0 | FB6: =+FA6+EY6 -> 0 | FC6: no
B7: FTL | C7: 2963570.3 | D7: 0.88444591 | E7: 2996402.2 | F7: 0.87168077 | G7: 2611530.8 | H7: 0.88698538 | I7: 3787746.2 | J7: 0.92013096 | K7: 4502715.4 | L7: 0.90995179 | M7: 3759736.2 | N7: 0.92354202 | O7: 3123700.4 | P7: 0.9115467 | Q7: 3480132.4 | R7: 0.88148208 | S7: 4242103.3 | T7: 0.89387759 | U7: 3702155.5 | V7: 0.88146349 | W7: 2857428.3 | X7: 0.88544381 | Y7: 2517350.2 | Z7: 0.86987499 | AA7: 2832266.3 | AB7: 0.90226495 | AC7: 2934041.1 | AD7: 0.92821805 | AE7: 4427316.1 | AF7: 0.93792379 | AG7: 4512768.1 | AH7: 0.94637908 | AI7: 3177937.5 | AJ7: 0.93766742 | AK7: 4331618.5 | AL7: 0.93961358 | AM7: 2614783.9 | AN7: 0.87671023 | AO7: 2972618.2 | AP7: 0.93876837 | AQ7: 3877964.7 | AR7: 0.9466391 | AS7: 2789426.1 | AT7: 0.90995372 | AU7: 2907223.2 | AV7: 0.93906483 | AW7: 2026347.4 | AX7: 0.92163594 | AY7: 3805354.1 | AZ7: 0.96410561 | BA7: 3160819.9 | BB7: 0.93700906 | BC7: 4861410.3 | BD7: 0.9587277 | BE7: 4546635 | BF7: 0.97406384 | BG7: 4665527.4 | BH7: 0.97260695 | BI7: 4650598.1 | BJ7: 0.97136501 | BK7: 3422605 | BL7: 0.9616897 | BM7: 3393676.8 | BN7: 0.96280579 | BO7: 3400825.4 | BP7: 0.95188129 | BQ7: 3255160 | BR7: 0.96622838 | BS7: 2869735.3 | BT7: 0.97386134 | BU7: 2129655.3 | BV7: 0.9794891 | BW7: 2895497.8 | BX7: 0.95654099 | BY7: 3458111.3 | BZ7: 0.96798676 | CA7: 4501739 | CB7: 0.96724998 | CC7: 3710840.8 | CD7: 0.97311355 | CE7: 4435924.4 | CF7: 0.9788358 | CG7: 4170354.5 | CH7: 0.9846509 | CI7: 3207525.5 | CJ7: 0.97310588 | CK7: 3713012.2 | CL7: 0.97684628 | CM7: 3506476.9 | CN7: 0.97771681 | CO7: 3101310.6 | CP7: 0.97812643 | CQ7: 3043531.7 | CR7: 0.97300749 | CS7: 2211716 | CT7: 0.98025107 | CU7: 3779578.8 | CV7: 0.97614884 | CW7: 3730891 | CX7: 0.9837246 | CY7: 4766708.4 | CZ7: 0.99260261 | DA7: 4541485.3 | DB7: 0.98432736 | DC7: 4899839 | DD7: 0.98972947 | DE7: 4078685.5 | DF7: 0.98961663 | DG7: 3637691 | DH7: 0.98322592 | DI7: 4292826.9 | DJ7: 0.97850635 | DK7: 3474163.4 | DL7: 0.97632674 | DM7: 4195121.2 | DN7: 0.98389703 | DO7: 3109660.9 | DP7: 0.97820109 | DQ7: 2889154.4 | DR7: 0.97503919 | DS7: 3900005.5 | DT7: 0.97966088 | DU7: 3806421.8 | DV7: 0.98745897 | DW7: 3891339.6 | DX7: 0.98181481 | DY7: 4307850.8 | DZ7: 0.98134192 | EA7: 4802767 | EB7: 0.98188918 | EC7: 4088642.3 | ED7: 0.98977533 | EE7: 3393829 | EF7: 0.98644458 | EG7: 3504088.4 | EH7: 0.98038156 | EI7: 3615851.5 | EJ7: 0.99099009 | EK7: 3725637.5 | EL7: 0.98265606 | EM7: 3185650.2 | EN7: 0.98040985 | EO7: 2930442.5 | EP7: 0.98625547 | EQ7: 4645399 | ER7: 0.98930473 | ES7: =+$FB7 -> 3862576.7 | ET7: =ES7/ES13 -> 0.9822432 | EU7: =IF( SUM($EQ7:ES7)<0, "n/a", SUM($EQ7:ES7)/EU$74) -> 4253988.4 | EV7: =EU7/EU13 -> 0.98608629 | EX7: All Others | EY7: =+EY16-EY15-EY14-EY6-EY9-EY10-EY11-EY12-EY8 -> 3862576.7 | EZ7: All Others | FA7: =+FA16-FA15-FA14-FA6-FA9-FA10-FA11-FA12-FA8 -> 0 | FB7: =+FA7+EY7 -> 3862576.7
B8: Railcar | C8: 0 | D8: 0 | E8: 0 | F8: 0 | G8: 0 | H8: 0 | I8: 0 | J8: 0 | K8: 0 | L8: 0 | M8: 0 | N8: 0 | O8: 0 | P8: 0 | Q8: 0 | R8: 0 | S8: 0 | T8: 0 | U8: 0 | V8: 0 | W8: 0 | X8: 0 | Y8: 0 | Z8: 0 | AA8: 0 | AB8: 0 | AC8: 0 | AD8: 0 | AE8: 0 | AF8: 0 | AG8: 0 | AH8: 0 | AI8: 0 | AJ8: 0 | AK8: 0 | AL8: 0 | AM8: 0 | AN8: 0 | AO8: 0 | AP8: 0 | AQ8: 0 | AR8: 0 | AS8: 0 | AT8: 0 | AU8: 0 | AV8: 0 | AW8: 0 | AX8: 0 | AY8: 0 | AZ8: 0 | BA8: 0 | BB8: 0 | BC8: 0 | BD8: 0 | BE8: 0 | BF8: 0 | BG8: 0 | BH8: 0 | BI8: 0 | BJ8: 0 | BK8: 0 | BL8: 0 | BM8: 0 | BN8: 0 | BO8: 0 | BP8: 0 | BQ8: 0 | BR8: 0 | BS8: 0 | BT8: 0 | BU8: 0 | BV8: 0 | BW8: 0 | BX8: 0 | BY8: 0 | BZ8: 0 | CA8: 0 | CB8: 0 | CC8: 0 | CD8: 0 | CE8: 0 | CF8: 0 | CG8: 0 | CH8: 0 | CI8: 0 | CJ8: 0 | CK8: 0 | CL8: 0 | CM8: 0 | CN8: 0 | CO8: 0 | CP8: 0 | CQ8: 0 | CR8: 0 | CS8: 0 | CT8: 0 | CU8: 0 | CV8: 0 | CW8: 0 | CX8: 0 | CY8: 0 | CZ8: 0 | DA8: 0 | DB8: 0 | DC8: 0 | DD8: 0 | DE8: 0 | DF8: 0 | DG8: 0 | DH8: 0 | DI8: 0 | DJ8: 0 | DK8: 0 | DL8: 0 | DM8: 0 | DN8: 0 | DO8: 0 | DP8: 0 | DQ8: 0 | DR8: 0 | DS8: 0 | DT8: 0 | DU8: 0 | DV8: 0 | DW8: 0 | DX8: 0 | DY8: 0 | DZ8: 0 | EA8: 0 | EB8: 0 | EC8: 0 | ED8: 0 | EE8: 0 | EF8: 0 | EG8: 0 | EH8: 0 | EI8: 0 | EJ8: 0 | EK8: 0 | EL8: 0 | EM8: 0 | EN8: 0 | EO8: 0 | EP8: 0 | EQ8: 0 | ER8: 0 | ES8: =+$FB8 -> 0 | ET8: =ES8/ES13 -> 0 | EU8: =IF( SUM($EQ8:ES8)<0, "n/a", SUM($EQ8:ES8)/EU$74) -> 0 | EV8: =EU8/EU13 -> 0 | EX8: WPH RC | EY8: =IF(ISERROR(VLOOKUP(EX8,IQSH01E!$A$1:$M$400,2,0)),0,VLOOKUP(EX8,IQSH01E!$A$1:$M$400,2,0)) -> 0 | EZ8: WPS RC | FA8: =IF(ISERROR(VLOOKUP(EZ8,IQSH01E!$A$1:$M$400,2,0)),0,VLOOKUP(EZ8,IQSH01E!$A$1:$M$400,2,0)) -> 0 | FB8: =+FA8+EY8 -> 0 | FC8: 2 spaces
B9: LTL | C9: 300089.21 | D9: 0.089558422 | E9: 251268.15 | F9: 0.073096199 | G9: 304696.35 | H9: 0.10348766 | I9: 328536.17 | J9: 0.079809017 | K9: 346491.86 | L9: 0.070022388 | M9: 308877.82 | N9: 0.075872782 | O9: 303112.96 | P9: 0.088453302 | Q9: 400665.71 | R9: 0.10148454 | S9: 471014.77 | T9: 0.099250187 | U9: 435365.8 | V9: 0.10365828 | W9: 342631.26 | X9: 0.10617265 | Y9: 348497.93 | Z9: 0.1204241 | AA9: 280928.19 | AB9: 0.089494288 | AC9: 170798.34 | AD9: 0.054034043 | AE9: 234916.32 | AF9: 0.049766856 | AG9: 255689.07 | AH9: 0.053620922 | AI9: 165521.94 | AJ9: 0.048838132 | AK9: 213989.45 | AL9: 0.046418537 | AM9: 310577.85 | AN9: 0.10413357 | AO9: 165013.19 | AP9: 0.052112029 | AQ9: 187799.04 | AR9: 0.045843098 | AS9: 222401.41 | AT9: 0.072550762 | AU9: 188647.4 | AV9: 0.06093517 | AW9: 159438.24 | AX9: 0.072516694 | AY9: 141588.24 | AZ9: 0.035872093 | BA9: 212487.82 | BB9: 0.062990938 | BC9: 204604 | BD9: 0.040350332 | BE9: 121062.16 | BF9: 0.025936164 | BG9: 131356.72 | BH9: 0.027383498 | BI9: 134572.46 | BJ9: 0.028107993 | BK9: 136342.91 | BL9: 0.038309876 | BM9: 131101.32 | BN9: 0.037194205 | BO9: 143189.92 | BP9: 0.040078448 | BQ9: 113725.1 | BR9: 0.033756994 | BS9: 76827.86 | BT9: 0.026071981 | BU9: 44595.84 | BV9: 0.020510896 | BW9: 131159.75 | BX9: 0.043329225 | BY9: 111482.13 | BZ9: 0.031205828 | CA9: 152288.65 | CB9: 0.032720954 | CC9: 102527.96 | CD9: 0.026886453 | CE9: 95885.14 | CF9: 0.021158117 | CG9: 65009.04 | CH9: 0.015349105 | CI9: 88647.69 | CJ9: 0.026894124 | CK9: 83046.74 | CL9: 0.021848541 | CM9: 79863.49 | CN9: 0.02226847 | CO9: 67982.01 | CP9: 0.021440936 | CQ9: 83982.39 | CR9: 0.026848905 | CS9: 44507.77 | CT9: 0.019726216 | CU9: 92281.04 | CV9: 0.023833351 | CW9: 61688.27 | CX9: 0.016265356 | CY9: 35387.13 | CZ9: 0.0073688916 | DA9: 72246.83 | DB9: 0.015658871 | DC9: 49513.23 | DD9: 0.010001288 | DE9: 42766.15 | DF9: 0.010376405 | DG9: 62023.81 | DH9: 0.01676432 | DI9: 75204.3 | DJ9: 0.017142057 | DK9: 84189.79 | DL9: 0.023659435 | DM9: 40201.96 | DN9: 0.0094287119 | DO9: 69292.11 | DP9: 0.021797109 | DQ9: 66844.27 | DR9: 0.022558775 | DS9: 80825.22 | DT9: 0.02030287 | DU9: 44235.04 | DV9: 0.01147542 | DW9: 72040.63 | DX9: 0.018176403 | DY9: 51343.39 | DZ9: 0.011696185 | EA9: 86560.33 | EB9: 0.017696601 | EC9: 42044.02 | ED9: 0.010177983 | EE9: 46371.2 | EF9: 0.013478174 | EG9: 70067.35 | EH9: 0.019603598 | EI9: 32805.73 | EJ9: 0.008991009 | EK9: 64404.73 | EL9: 0.016987079 | EM9: 56089.1 | EN9: 0.017261878 | EO9: 40838.86 | EP9: 0.013744528 | EQ9: 50181.63 | ER9: 0.010686902 | ES9: =+$FB9 -> 69826.92 | ET9: =ES9/ES13 -> 0.017756804 | EU9: =IF( SUM($EQ9:ES9)<0, "n/a", SUM($EQ9:ES9)/EU$74) -> 60004.28 | EV9: =EU9/EU13 -> 0.013909158 | EX9: WPH L | EY9: =IF(ISERROR(VLOOKUP(EX9,IQSH01E!$A$1:$M$400,2,0)),0,VLOOKUP(EX9,IQSH01E!$A$1:$M$400,2,0)) -> 69826.92 | EZ9: WPS L | FA9: =IF(ISERROR(VLOOKUP(EZ9,IQSH01E!$A$1:$M$400,2,0)),0,VLOOKUP(EZ9,IQSH01E!$A$1:$M$400,2,0)) -> 0 | FB9: =+FA9+EY9 -> 69826.92 | FC9: 1 space
B10: Export | C10: 0 | D10: 0 | E10: 0 | F10: 0 | G10: 0 | H10: 0 | I10: 0 | J10: 0 | K10: 0 | L10: 0 | M10: 0 | N10: 0 | O10: 0 | P10: 0 | Q10: 0 | R10: 0 | S10: 0 | T10: 0 | U10: 0 | V10: 0 | W10: 0 | X10: 0 | Y10: 0 | Z10: 0 | AA10: 0 | AB10: 0 | AC10: 0 | AD10: 0 | AE10: 0 | AF10: 0 | AG10: 0 | AH10: 0 | AI10: 0 | AJ10: 0 | AK10: 0 | AL10: 0 | AM10: 0 | AN10: 0 | AO10: 0 | AP10: 0 | AQ10: 0 | AR10: 0 | AS10: 0 | AT10: 0 | AU10: 0 | AV10: 0 | AW10: 0 | AX10: 0 | AY10: 0 | AZ10: 0 | BA10: 0 | BB10: 0 | BC10: 0 | BD10: 0 | BE10: 0 | BF10: 0 | BG10: 0 | BH10: 0 | BI10: 0 | BJ10: 0 | BK10: 0 | BL10: 0 | BM10: 0 | BN10: 0 | BO10: 0 | BP10: 0 | BQ10: 0 | BR10: 0 | BS10: 0 | BT10: 0 | BU10: 0 | BV10: 0 | BW10: 0 | BX10: 0 | BY10: 0 | BZ10: 0 | CA10: 0 | CB10: 0 | CC10: 0 | CD10: 0 | CE10: 0 | CF10: 0 | CG10: 0 | CH10: 0 | CI10: 0 | CJ10: 0 | CK10: 0 | CL10: 0 | CM10: 0 | CN10: 0 | CO10: 0 | CP10: 0 | CQ10: 0 | CR10: 0 | CS10: 0 | CT10: 0 | CU10: 0 | CV10: 0 | CW10: 0 | CX10: 0 | CY10: 0 | CZ10: 0 | DA10: 0 | DB10: 0 | DC10: 0 | DD10: 0 | DE10: 0 | DF10: 0 | DG10: 0 | DH10: 0 | DI10: 0 | DJ10: 0 | DK10: 0 | DL10: 0 | DM10: 0 | DN10: 0 | DO10: 0 | DP10: 0 | DQ10: 0 | DR10: 0 | DS10: 0 | DT10: 0 | DU10: 0 | DV10: 0 | DW10: 0 | DX10: 0 | DY10: 0 | DZ10: 0 | EA10: 0 | EB10: 0 | EC10: 0 | ED10: 0 | EE10: 0 | EF10: 0 | EG10: 0 | EH10: 0 | EI10: 0 | EJ10: 0 | EK10: 0 | EL10: 0 | EM10: 0 | EN10: 0 | EO10: 0 | EP10: 0 | EQ10: 0 | ER10: 0 | ES10: =+$FB10 -> 0 | ET10: =ES10/ES13 -> 0 | EU10: =IF( SUM($EQ10:ES10)<0, "n/a", SUM($EQ10:ES10)/EU$74) -> 0 | EV10: =EU10/EU13 -> 0 | EX10: WPHE | EY10: =IF(ISERROR(VLOOKUP(EX10,IQSH01E!$A$1:$M$400,2,0)),0,VLOOKUP(EX10,IQSH01E!$A$1:$M$400,2,0)) -> 0 | EZ10: WPSE | FA10: =IF(ISERROR(VLOOKUP(EZ10,IQSH01E!$A$1:$M$400,2,0)),0,VLOOKUP(EZ10,IQSH01E!$A$1:$M$400,2,0)) -> 0 | FB10: =+FA10+EY10 -> 0 | FC10: no
A11: PROFILE | B11: Sample | C11: 28.71 | D11: 8.568193e-06 | E11: 0 | F11: 0 | G11: 0 | H11: 0 | I11: 247.07 | J11: 6.0019004e-05 | K11: 13.84 | L11: 2.7969195e-06 | M11: 2382.34 | N11: 0.00058519826 | O11: 0 | P11: 0 | Q11: 0 | R11: 0 | S11: 0 | T11: 0 | U11: 8577.8 | V11: 0.0020423284 | W11: 172.4 | X11: 5.3422342e-05 | Y11: 23.6 | Z11: 8.1550235e-06 | AA11: 22.28 | AB11: 7.0976599e-06 | AC11: 0 | AD11: 0 | AE11: 176.49 | AF11: 3.7389281e-05 | AG11: 0 | AH11: 0 | AI11: 0 | AJ11: 0 | AK11: 43 | AL11: 9.3275491e-06 | AM11: 1033.19 | AN11: 0.00034641801 | AO11: 7.8 | AP11: 2.4632808e-06 | AQ11: 34.48 | AR11: 8.4168162e-06 | AS11: 2344.06 | AT11: 0.00076466844 | AU11: 0 | AV11: 0 | AW11: 0 | AX11: 0 | AY11: 88 | AZ11: 2.2295243e-05 | BA11: 0 | BB11: 0 | BC11: 0 | BD11: 0 | BE11: 0 | BF11: 0 | BG11: 45.84 | BH11: 9.556112e-06 | BI11: 129.1 | BJ11: 2.6964966e-05 | BK11: 1.5 | BL11: 4.214727e-07 | BM11: 0 | BN11: 0 | BO11: 16.99 | BP11: 4.7554523e-06 | BQ11: 49.28 | BR11: 1.4627771e-05 | BS11: 196.49 | BT11: 6.6680023e-05 | BU11: 0 | BV11: 0 | BW11: 95.85 | BX11: 3.1664487e-05 | BY11: 2884.45 | BZ11: 0.00080740878 | CA11: 135.3 | CB11: 2.9070748e-05 | CC11: 0 | CD11: 0 | CE11: 27.55 | CF11: 6.0792124e-06 | CG11: 0 | CH11: 0 | CI11: 0 | CJ11: 0 | CK11: 0 | CL11: 0 | CM11: 52.8 | CN11: 1.4722312e-05 | CO11: 1371.73 | CP11: 0.00043263173 | CQ11: 449.2 | CR11: 0.00014360782 | CS11: 51.24 | CT11: 2.2709997e-05 | CU11: 68.97 | CV11: 1.7812827e-05 | CW11: 38.11 | CX11: 1.004847e-05 | CY11: 136.86 | CZ11: 2.8499245e-05 | DA11: 63.55 | DB11: 1.3773909e-05 | DC11: 152.41 | DD11: 3.0785638e-05 | DE11: 28.7 | DF11: 6.9635174e-06 | DG11: 36.1 | DH11: 9.7574136e-06 | DI11: 2728.48 | DJ11: 0.00062192934 | DK11: 49.2 | DL11: 1.382643e-05 | DM11: 98.25 | DN11: 2.304293e-05 | DO11: 5.73 | DP11: 1.802477e-06 | DQ11: 104.96 | DR11: 3.5422168e-05 | DS11: 144.31 | DT11: 3.6249913e-05 | DU11: 153.96 | DV11: 3.9940184e-05 | DW11: 34.84 | DX11: 8.790399e-06 | DY11: 30110.02 | DZ11: 0.006859157 | EA11: 673.11 | EB11: 0.00013761222 | EC11: 192.87 | ED11: 4.6689818e-05 | EE11: 265.76 | EF11: 7.7245351e-05 | EG11: 53.05 | EH11: 1.4842446e-05 | EI11: 68.96 | EJ11: 1.8899746e-05 | EK11: 0 | EL11: 0 | EM11: 7565.25 | EN11: 0.0023282674 | EO11: 0 | EP11: 0 | EQ11: 39.29 | ER11: 8.3673722e-06 | ES11: =+$FB11 -> 0 | ET11: =ES11/ES13 -> 0 | EU11: =IF( SUM($EQ11:ES11)<0, "n/a", SUM($EQ11:ES11)/EU$74) -> 19.645004 | EV11: =EU11/EU13 -> 4.5537664e-06 | EX11: WPH F | EY11: =IF(ISERROR(VLOOKUP(EX11,IQSH01E!$A$1:$M$400,2,0)),0,VLOOKUP(EX11,IQSH01E!$A$1:$M$400,2,0)) -> 0 | EZ11: WPS F | FA11: =IF(ISERROR(VLOOKUP(EZ11,IQSH01E!$A$1:$M$400,2,0)),0,VLOOKUP(EZ11,IQSH01E!$A$1:$M$400,2,0)) -> 0 | FB11: =+FA11+EY11 -> 0 | FC11: 1 space
B12: Reconsignment | C12: 0 | D12: 0 | E12: 0 | F12: 0 | G12: 0 | H12: 0 | I12: 0 | J12: 0 | K12: 5191.98 | L12: 0.001049245 | M12: 0 | N12: 0 | O12: 0 | P12: 0 | Q12: 3135.01 | R12: 0.00079406609 | S12: 1034.2 | T12: 0.00021792213 | U12: 693 | V12: 0.0001649996 | W12: 0 | X12: 0 | Y12: 0 | Z12: 0 | AA12: 0 | AB12: 0 | AC12: 0 | AD12: 0 | AE12: 522.49 | AF12: 0.00011068914 | AG12: 0 | AH12: 0 | AI12: 17531.28 | AJ12: 0.0051726977 | AK12: 6478.98 | AL12: 0.0014054187 | AM12: 0 | AN12: 0 | AO12: 0 | AP12: 0 | AQ12: 30762.64 | AR12: 0.0075093819 | AS12: 0 | AT12: 0 | AU12: 0 | AV12: 0 | AW12: 12856.26 | AX12: 0.0058473643 | AY12: 0 | AZ12: 0 | BA12: 0 | BB12: 0 | BC12: 4675.01 | BD12: 0.00092196735 | BE12: 0 | BF12: 0 | BG12: 0 | BH12: 0 | BI12: 2394.02 | BJ12: 0.00050003617 | BK12: 0 | BL12: 0 | BM12: 0 | BN12: 0 | BO12: 0 | BP12: 0 | BQ12: 0 | BR12: 0 | BS12: 0 | BT12: 0 | BU12: 0 | BV12: 0 | BW12: 297 | BX12: 9.8115313e-05 | BY12: 0 | BZ12: 0 | CA12: 0 | CB12: 0 | CC12: 0 | CD12: 0 | CE12: 0 | CF12: 0 | CG12: 0 | CH12: 0 | CI12: 0 | CJ12: 0 | CK12: 4961.01 | CL12: 0.0013051786 | CM12: 0 | CN12: 0 | CO12: 0 | CP12: 0 | CQ12: 0 | CR12: 0 | CS12: 0 | CT12: 0 | CU12: 0 | CV12: 0 | CW12: 0 | CX12: 0 | CY12: 0 | CZ12: 0 | DA12: 0 | DB12: 0 | DC12: 1180.5 | DD12: 0.00023845184 | DE12: 0 | DF12: 0 | DG12: 0 | DH12: 0 | DI12: 16362.49 | DJ12: 0.0037296636 | DK12: 0 | DL12: 0 | DM12: 28359.32 | DN12: 0.0066512145 | DO12: 0 | DP12: 0 | DQ12: 7012.56 | DR12: 0.0023666166 | DS12: 0 | DT12: 0 | DU12: 3953.71 | DV12: 0.0010256684 | DW12: 0 | DX12: 0 | DY12: 451 | DZ12: 0.00010273922 | EA12: 1353 | EB12: 0.00027661055 | EC12: 0 | ED12: 0 | EE12: 0 | EF12: 0 | EG12: 0 | EH12: 0 | EI12: 0 | EJ12: 0 | EK12: 1353.01 | EL12: 0.00035686335 | EM12: 0 | EN12: 0 | EO12: 0 | EP12: 0 | EQ12: 0 | ER12: 0 | ES12: =+$FB12 -> 0 | ET12: =ES12/ES13 -> 0 | EU12: =IF( SUM($EQ12:ES12)<0, "n/a", SUM($EQ12:ES12)/EU$74) -> 0 | EV12: =EU12/EU13 -> 0 | EX12: WPHR | EY12: =IF(ISERROR(VLOOKUP(EX12,IQSH01E!$A$1:$M$400,2,0)),0,VLOOKUP(EX12,IQSH01E!$A$1:$M$400,2,0)) -> 0 | EZ12: WPSR | FA12: =IF(ISERROR(VLOOKUP(EZ12,IQSH01E!$A$1:$M$400,2,0)),0,VLOOKUP(EZ12,IQSH01E!$A$1:$M$400,2,0)) -> 0 | FB12: =+FA12+EY12 -> 0 | FC12: no
B13: Prepaid Total | C13: 3350764.8 | D13: 1 | E13: 3437499.5 | F13: 1 | G13: 2944277.1 | H13: 1 | I13: 4116529.5 | J13: 1 | K13: 4948301.1 | L13: 1 | M13: 4070996.4 | N13: 1 | O13: 3426813.4 | P13: 1 | Q13: 3948046.7 | R13: 1 | S13: 4745731.8 | T13: 1 | U13: 4200010.1 | V13: 1 | W13: 3227114.2 | X13: 1 | Y13: 2893921.8 | Z13: 1 | AA13: 3139062.8 | AB13: 1 | AC13: 3160939.5 | AD13: 1 | AE13: 4720336.8 | AF13: 1 | AG13: 4768457.2 | AH13: 1 | AI13: 3389194.7 | AJ13: 1 | AK13: 4609999.8 | AL13: 1 | AM13: 2982495 | AN13: 1 | AO13: 3166508.6 | AP13: 1 | AQ13: 4096560.9 | AR13: 1 | AS13: 3065459.3 | AT13: 1 | AU13: 3095870.6 | AV13: 1 | AW13: 2198641.9 | AX13: 1 | AY13: 3947030.4 | AZ13: 1 | BA13: 3373307.8 | BB13: 1 | BC13: 5070689.3 | BD13: 1 | BE13: 4667697.1 | BF13: 1 | BG13: 4796930 | BH13: 1 | BI13: 4787693.7 | BJ13: 1 | BK13: 3558949.4 | BL13: 1 | BM13: 3524778.1 | BN13: 1 | BO13: 3572741.2 | BP13: 1 | BQ13: 3368934.4 | BR13: 1 | BS13: 2946759.6 | BT13: 1 | BU13: 2174251.2 | BV13: 1 | BW13: 3027050.4 | BX13: 1 | BY13: 3572477.9 | BZ13: 1 | CA13: 4654163 | CB13: 1 | CC13: 3813368.8 | CD13: 1 | CE13: 4531837 | CF13: 1 | CG13: 4235363.6 | CH13: 1 | CI13: 3296173.2 | CJ13: 1 | CK13: 3801019.9 | CL13: 1 | CM13: 3586393.2 | CN13: 1 | CO13: 3170664.4 | CP13: 1 | CQ13: 3127963.3 | CR13: 1 | CS13: 2256275 | CT13: 1 | CU13: 3871928.8 | CV13: 1 | CW13: 3792617.4 | CX13: 1 | CY13: 4802232.4 | CZ13: 1 | DA13: 4613795.7 | DB13: 1 | DC13: 4950685.1 | DD13: 1 | DE13: 4121480.3 | DF13: 1 | DG13: 3699750.9 | DH13: 1 | DI13: 4387122.2 | DJ13: 1 | DK13: 3558402.4 | DL13: 1 | DM13: 4263780.7 | DN13: 1 | DO13: 3178958.7 | DP13: 1 | DQ13: 2963116.2 | DR13: 1 | DS13: 3980975.1 | DT13: 1 | DU13: 3854764.5 | DV13: 1 | DW13: 3963415.1 | DX13: 1 | DY13: 4389755.2 | DZ13: 1 | EA13: 4891353.5 | EB13: 1 | EC13: 4130879.2 | ED13: 1 | EE13: 3440465.9 | EF13: 1 | EG13: 3574208.8 | EH13: 1 | EI13: 3648726.2 | EJ13: 1 | EK13: 3791395.3 | EL13: 1 | EM13: 3249304.6 | EN13: 1 | EO13: 2971281.4 | EP13: 1 | EQ13: 4695620 | ER13: 1 | ES13: =SUM(ES6:ES12) -> 3932403.6 | ET13: =ES13/ES13 -> 1 | EU13: =IF( SUM($EQ13:ES13)<0, "n/a", SUM($EQ13:ES13)/EU$74) -> 4314012.3 | EV13: =EU13/EU13 -> 1 | EX13: <--sub-total | EY13: =IF(ISERROR(VLOOKUP(EX13,IQSH01E!$A$1:$M$400,2,0)),0,VLOOKUP(EX13,IQSH01E!$A$1:$M$400,2,0)) -> 0 | EZ13: <--sub-total | FA13: =IF(ISERROR(VLOOKUP(EZ13,IQSH01E!$A$1:$M$400,2,0)),0,VLOOKUP(EZ13,IQSH01E!$A$1:$M$400,2,0)) -> 0 | FB13: =+FA13+EY13 -> 0
B14: CPU (Lolita) | C14: 272602.55 | E14: 205451.79 | G14: 281343.53 | I14: 341062.22 | K14: 282214.65 | M14: 307295.81 | O14: 587620.85 | Q14: 476441.59 | S14: 619565.64 | U14: 252189.37 | W14: 295237.55 | Y14: 131497.31 | AA14: 300732.75 | AC14: 167873.94 | AE14: 301594.99 | AG14: 246605.96 | AI14: 157171.45 | AK14: 220872.57 | AM14: 378442.69 | AO14: 258725.87 | AQ14: 376993.06 | AS14: 236995.94 | AU14: 209609.08 | AW14: 289683.27 | AY14: 318351.06 | BA14: 241160.84 | BC14: 303653.4 | BE14: 366314.48 | BG14: 264080.93 | BI14: 339683.64 | BK14: 504387.47 | BM14: 864915.83 | BO14: 893370.1 | BQ14: 1134422.7 | BS14: 770743.21 | BU14: 348220.14 | BW14: 510938.92 | BY14: 326223.55 | CA14: 387095.96 | CC14: 421463.41 | CE14: 333144.92 | CG14: 450228.54 | CI14: 320477.54 | CK14: 445664.37 | CM14: 563662.5 | CO14: 405741.52 | CQ14: 320244.09 | CS14: 282504.87 | CU14: 557794.61 | CW14: 409497.63 | CY14: 420374.45 | DA14: 503595.24 | DC14: 503231.85 | DE14: 594215.04 | DG14: 453993.06 | DI14: 643081.13 | DK14: 610598.34 | DM14: 542094.58 | DO14: 494029.11 | DQ14: 285273.37 | DS14: 438712.7 | DU14: 307541.5 | DW14: 666102.63 | DY14: 645209.65 | EA14: 377388.33 | EC14: 531554.89 | EE14: 602315.37 | EG14: 574531.41 | EI14: 547584.64 | EK14: 678160.64 | EM14: 426525.37 | EO14: 584739.68 | EQ14: 468507.3 | ES14: =+$FB14 -> 454996.22 | EU14: =IF( SUM($EQ14:ES14)<0, "n/a", SUM($EQ14:ES14)/EU$74) -> 461751.76 | EX14: WPH C | EY14: =IF(ISERROR(VLOOKUP(EX14,IQSH01E!$A$1:$M$400,2,0)),0,VLOOKUP(EX14,IQSH01E!$A$1:$M$400,2,0)) -> 454996.22 | EZ14: WPS C | FA14: =IF(ISERROR(VLOOKUP(EZ14,IQSH01E!$A$1:$M$400,2,0)),0,VLOOKUP(EZ14,IQSH01E!$A$1:$M$400,2,0)) -> 0 | FB14: =+FA14+EY14 -> 454996.22 | FC14: 1 space
B15: Wharehouse | C15: 0 | E15: 0 | G15: 0 | I15: 0 | K15: 0 | M15: 0 | O15: 0 | Q15: 0 | S15: 0 | U15: 0 | W15: 0 | Y15: 0 | AA15: 0 | AC15: 0 | AE15: 0 | AG15: 0 | AI15: 0 | AK15: 0 | AM15: 0 | AO15: 0 | AQ15: 0 | AS15: 0 | AU15: 0 | AW15: 0 | AY15: 0 | BA15: 0 | BC15: 0 | BE15: 0 | BG15: 0 | BI15: 0 | BK15: 0 | BM15: 0 | BO15: 0 | BQ15: 0 | BS15: 0 | BU15: 0 | BW15: 0 | BY15: 0 | CA15: 0 | CC15: 0 | CE15: 0 | CG15: 0 | CI15: 0 | CK15: 0 | CM15: 0 | CO15: 0 | CQ15: 0 | CS15: 0 | CU15: 0 | CW15: 0 | CY15: 0 | DA15: 0 | DC15: 0 | DE15: 0 | DG15: 0 | DI15: 0 | DK15: 0 | DM15: 0 | DO15: 0 | DQ15: 0 | DS15: 0 | DU15: 0 | DW15: 0 | DY15: 0 | EA15: 0 | EC15: 0 | EE15: 0 | EG15: 0 | EI15: 0 | EK15: 0 | EM15: 0 | EO15: 0 | EQ15: 0 | ES15: =+$FB15 -> 0 | EU15: =IF( SUM($EQ15:ES15)<0, "n/a", SUM($EQ15:ES15)/EU$74) -> 0 | EX15: WPH OS | EY15: =IF(ISERROR(VLOOKUP(EX15,IQSH01E!$A$1:$M$400,2,0)),0,VLOOKUP(EX15,IQSH01E!$A$1:$M$400,2,0)) -> 0 | EZ15: WPS OS | FA15: =IF(ISERROR(VLOOKUP(EZ15,IQSH01E!$A$1:$M$400,2,0)),0,VLOOKUP(EZ15,IQSH01E!$A$1:$M$400,2,0)) -> 0 | FB15: =+FA15+EY15 -> 0 | FC15: 2 spaces
B16: Grand Total | C16: 3623367.4 | E16: 3642951.3 | G16: 3225620.7 | I16: 4457591.7 | K16: 5230515.7 | M16: 4378292.2 | O16: 4014434.2 | Q16: 4424488.3 | S16: 5365297.5 | U16: 4452199.4 | W16: 3522351.8 | Y16: 3025419.1 | AA16: 3439795.5 | AC16: 3328813.4 | AE16: 5021931.8 | AG16: 5015063.2 | AI16: 3546366.2 | AK16: 4830872.4 | AM16: 3360937.7 | AO16: 3425234.5 | AQ16: 4473553.9 | AS16: 3302455.3 | AU16: 3305479.7 | AW16: 2488325.1 | AY16: 4265381.4 | BA16: 3614468.6 | BC16: 5374342.8 | BE16: 5034011.6 | BG16: 5061010.9 | BI16: 5127377.3 | BK16: 4063336.8 | BM16: 4389694 | BO16: 4466111.3 | BQ16: 4503357.1 | BS16: 3717502.8 | BU16: 2522471.3 | BW16: 3537989.3 | BY16: 3898701.4 | CA16: 5041258.9 | CC16: 4234832.2 | CE16: 4864982 | CG16: 4685592.1 | CI16: 3616650.7 | CK16: 4246684.3 | CM16: 4150055.7 | CO16: 3576405.9 | CQ16: 3448207.4 | CS16: 2538779.9 | CU16: 4429723.4 | CW16: 4202115 | CY16: 5222606.9 | DA16: 5117390.9 | DC16: 5453917 | DE16: 4715695.4 | DG16: 4153744 | DI16: 5030203.3 | DK16: 4169000.7 | DM16: 4805875.3 | DO16: 3672987.9 | DQ16: 3248389.5 | DS16: 4419687.8 | DU16: 4162306 | DW16: 4629517.7 | DY16: 5034964.8 | EA16: 5268741.8 | EC16: 4662434.1 | EE16: 4042781.3 | EG16: 4148740.2 | EI16: 4196310.8 | EK16: 4469555.9 | EM16: 3675829.9 | EO16: 3556021.1 | EQ16: 5164127.3 | ES16: =SUM(ES13:ES15) -> 4387399.8 | EU16: =IF( SUM($EQ16:ES16)<0, "n/a", SUM($EQ16:ES16)/EU$74) -> 4775763.6 | EX16: WPH T | EY16: =IF(ISERROR(VLOOKUP(EX16,IQSH01E!$A$1:$M$400,2,0)),0,VLOOKUP(EX16,IQSH01E!$A$1:$M$400,2,0)) -> 4387399.8 | EZ16: WPS T | FA16: =IF(ISERROR(VLOOKUP(EZ16,IQSH01E!$A$1:$M$400,2,0)),0,VLOOKUP(EZ16,IQSH01E!$A$1:$M$400,2,0)) -> 0 | FB16: =+FA16+EY16 -> 4387399.8 | FC16: 1 space
B17: Intermodal | C17: 0 | D17: 0 | E17: 0 | F17: 0 | G17: 0 | H17: 0 | I17: 0 | J17: 0 | K17: 0 | L17: 0 | M17: 0 | N17: 0 | O17: 0 | P17: 0 | Q17: 0 | R17: 0 | S17: 0 | T17: 0 | U17: 0 | V17: 0 | W17: 0 | X17: 0 | Y17: 0 | Z17: 0 | AA17: 0 | AB17: 0 | AC17: 0 | AD17: 0 | AE17: 0 | AF17: 0 | AG17: 0 | AH17: 0 | AI17: 0 | AJ17: 0 | AK17: 0 | AL17: 0 | AM17: 0 | AN17: 0 | AO17: 0 | AP17: 0 | AQ17: 0 | AR17: 0 | AS17: 0 | AT17: 0 | AU17: 0 | AV17: 0 | AW17: 0 | AX17: 0 | AY17: 0 | AZ17: 0 | BA17: 0 | BB17: 0 | BC17: 0 | BD17: 0 | BE17: 0 | BF17: 0 | BG17: 0 | BH17: 0 | BI17: 0 | BJ17: 0 | BK17: 0 | BL17: 0 | BM17: 0 | BN17: 0 | BO17: 0 | BP17: 0 | BQ17: 0 | BR17: 0 | BS17: 0 | BT17: 0 | BU17: 0 | BV17: 0 | BW17: 0 | BX17: 0 | BY17: 0 | BZ17: 0 | CA17: 0 | CB17: 0 | CC17: 0 | CD17: 0 | CE17: 0 | CF17: 0 | CG17: 0 | CH17: 0 | CI17: 0 | CJ17: 0 | CK17: 0 | CL17: 0 | CM17: 0 | CN17: 0 | CO17: 0 | CP17: 0 | CQ17: 0 | CR17: 0 | CS17: 0 | CT17: 0 | CU17: 0 | CV17: 0 | CW17: 0 | CX17: 0 | CY17: 0 | CZ17: 0 | DA17: 0 | DB17: 0 | DC17: 0 | DD17: 0 | DE17: 0 | DF17: 0 | DG17: 0 | DH17: 0 | DI17: 0 | DJ17: 0 | DK17: 0 | DL17: 0 | DM17: 0 | DN17: 0 | DO17: 0 | DP17: 0 | DQ17: 0 | DR17: 0 | DS17: 0 | DT17: 0 | DU17: 0 | DV17: 0 | DW17: 0 | DX17: 0 | DY17: 0 | DZ17: 0 | EA17: 0 | EB17: 0 | EC17: 0 | ED17: 0 | EE17: 0 | EF17: 0 | EG17: 0 | EH17: 0 | EI17: 0 | EJ17: 0 | EK17: 0 | EL17: 0 | EM17: 0 | EN17: 0 | EO17: 0 | EP17: 0 | EQ17: 0 | ER17: 0 | ES17: =+$EY17 -> 0 | ET17: =ES17/ES24 -> 0 | EU17: =IF( SUM($EQ17:ES17)<0, "n/a", SUM($EQ17:ES17)/EU$74) -> 0 | EV17: =EU17/EU24 -> 0 | EX17: WPVI | EY17: =IF(ISERROR(VLOOKUP(EX17,IQSH01E!$A$1:$M$400,2,0)),0,VLOOKUP(EX17,IQSH01E!$A$1:$M$400,2,0)) -> 0 | FC17: no
B18: FTL | C18: 1975352.1 | D18: 0.39098455 | E18: 2021558.1 | F18: 0.29719176 | G18: 4623716 | H18: 0.58353238 | I18: 5689185.1 | J18: 0.73664736 | K18: 4352088.5 | L18: 0.78291352 | M18: 4754241.6 | N18: 0.96045855 | O18: 4902246.9 | P18: 0.88981227 | Q18: 4706933.4 | R18: 0.75713646 | S18: 3959923.8 | T18: 0.90162456 | U18: 4436126 | V18: 0.95248321 | W18: 3513819.5 | X18: 0.8124445 | Y18: 4377412.8 | Z18: 0.80910918 | AA18: 4520318.8 | AB18: 0.82846594 | AC18: 5227250.6 | AD18: 0.86924806 | AE18: 5604941.4 | AF18: 0.96216484 | AG18: 3985220.2 | AH18: 0.98576116 | AI18: 2669876.7 | AJ18: 0.73843761 | AK18: 3432386.2 | AL18: 0.68788562 | AM18: 2840099.6 | AN18: 0.54419886 | AO18: 4498588.5 | AP18: 0.63813706 | AQ18: 4780195.6 | AR18: 0.52685581 | AS18: 3825958 | AT18: 0.59043647 | AU18: 2820834.2 | AV18: 0.56032183 | AW18: 2632146.6 | AX18: 0.55561852 | AY18: 3129632.9 | AZ18: 0.4843051 | BA18: 4198216.2 | BB18: 0.56419591 | BC18: 4900645.7 | BD18: 0.55088161 | BE18: 4717227.3 | BF18: 0.77725583 | BG18: 5206096.7 | BH18: 0.61119171 | BI18: 4260622.4 | BJ18: 0.56706464 | BK18: 3717129.7 | BL18: 0.69231515 | BM18: 1282846.1 | BN18: 0.41052751 | BO18: 864005.24 | BP18: 0.3092244 | BQ18: 1949415.5 | BR18: 0.5522976 | BS18: 2151216 | BT18: 0.62081975 | BU18: 2049006 | BV18: 0.61953374 | BW18: 3002475 | BX18: 0.54870036 | BY18: 3566646.1 | BZ18: 0.6256405 | CA18: 4845750.7 | CB18: 0.9219386 | CC18: 4139769.9 | CD18: 0.96731707 | CE18: 4213401.9 | CF18: 0.78150484 | CG18: 3845963.6 | CH18: 0.70887272 | CI18: 3786144.8 | CJ18: 0.83637422 | CK18: 1358245.8 | CL18: 0.67629316 | CM18: 551054.23 | CN18: 0.27877733 | CO18: 3588434.9 | CP18: 0.88288691 | CQ18: 3241986.7 | CR18: 0.7937719 | CS18: 2527916.2 | CT18: 0.58173071 | CU18: 6168245.6 | CV18: 0.82071235 | CW18: 5603294.3 | CX18: 0.79455863 | CY18: 4506323.9 | CZ18: 0.89962151 | DA18: 6664459.5 | DB18: 0.99516741 | DC18: 5366670 | DD18: 0.99852778 | DE18: 4830451.2 | DF18: 0.99643333 | DG18: 4456573.3 | DH18: 0.89028679 | DI18: 3782907.2 | DJ18: 0.85798964 | DK18: 2090787.2 | DL18: 0.82295912 | DM18: 4109528.3 | DN18: 0.96678886 | DO18: 1586371.2 | DP18: 0.85178144 | DQ18: 2754115 | DR18: 0.83254451 | DS18: 4361214.9 | DT18: 0.88072113 | DU18: 4205767.6 | DV18: 0.82299568 | DW18: 4094004.8 | DX18: 0.89811145 | DY18: 4460339.1 | DZ18: 0.88923957 | EA18: 3528535.6 | EB18: 0.99816417 | EC18: 2325983.4 | ED18: 0.9942593 | EE18: 4231383.2 | EF18: 0.9944211 | EG18: 3087735.6 | EH18: 0.99416144 | EI18: 1941806.5 | EJ18: 0.99016381 | EK18: 989778.09 | EL18: 0.98489785 | EM18: 1750366.2 | EN18: 0.98886137 | EO18: 4208065.8 | EP18: 0.9986292 | EQ18: 5460205.5 | ER18: 0.99786559 | ES18: =+$EY18 -> 5019510.2 | ET18: =ES18/ES24 -> 0.99819493 | EU18: =IF( SUM($EQ18:ES18)<0, "n/a", SUM($EQ18:ES18)/EU$74) -> 5239858.4 | EV18: =EU18/EU24 -> 0.99802331 | EX18: All Others | EY18: =+EY27-EY26-EY25-EY17-EY20-EY21-EY22-EY23-EY19 -> 5019510.2
B19: Railcar | C19: 3072776.7 | D19: 0.60819951 | E19: 4763468 | F19: 0.70028333 | G19: 3289007 | H19: 0.41508649 | I19: 1971227.7 | J19: 0.25523861 | K19: 1168466.3 | L19: 0.21019978 | M19: 180714.25 | N19: 0.036508146 | O19: 542771.38 | P19: 0.098519035 | Q19: 1418962.8 | R19: 0.22824808 | S19: 364399.88 | T19: 0.082969243 | U19: 180714.33 | V19: 0.038801279 | W19: 770961.5 | X19: 0.17825714 | Y19: 1008100.8 | Z19: 0.18633464 | AA19: 853340.67 | AB19: 0.15639686 | AC19: 750935.6 | AD19: 0.12487431 | AE19: 180714.24 | AF19: 0.031022071 | AG19: 0 | AH19: 0 | AI19: 916980.68 | AJ19: 0.25361959 | AK19: 1507449 | AL19: 0.30210834 | AM19: 2332349.1 | AN19: 0.44690747 | AO19: 2539591.6 | AP19: 0.360248 | AQ19: 4263810.4 | AR19: 0.4699417 | AS19: 2616119.8 | AT19: 0.40372962 | AU19: 2171947.4 | AV19: 0.43142894 | AW19: 2055005.6 | AX19: 0.43379012 | AY19: 3323541.7 | AZ19: 0.51431215 | BA19: 3242844.8 | BB19: 0.43580409 | BC19: 3981013.4 | BD19: 0.44750574 | BE19: 1335226.2 | BF19: 0.22000474 | BG19: 3269334.2 | BH19: 0.38381729 | BI19: 3212381.8 | BJ19: 0.42754977 | BK19: 1611277.1 | BL19: 0.30010024 | BM19: 1816859.3 | BN19: 0.5814187 | BO19: 1895834.3 | BP19: 0.67851233 | BQ19: 1566979.5 | BR19: 0.44394794 | BS19: 1306603.7 | BT19: 0.37707297 | BU19: 1234833.1 | BV19: 0.37336191 | BW19: 2464475.1 | BX19: 0.45038122 | BY19: 2125322.9 | BZ19: 0.37281188 | CA19: 405071.15 | CB19: 0.077067672 | CC19: 135694.15 | CD19: 0.031706899 | CE19: 1172968.3 | CF19: 0.21756301 | CG19: 1563906.1 | CH19: 0.28825295 | CI19: 710692.68 | CJ19: 0.15699479 | CK19: 599464.89 | CL19: 0.29848353 | CM19: 1415125.6 | CN19: 0.71590945 | CO19: 473909.82 | CP19: 0.11659924 | CQ19: 835155.51 | CR19: 0.20448047 | CS19: 1807635.7 | CT19: 0.41597787 | CU19: 1328608 | CV19: 0.17677716 | CW19: 1418875.7 | CX19: 0.20119949 | CY19: 497783.63 | CZ19: 0.099375204 | DA19: 0 | DB19: 0 | DC19: 0 | DD19: 0 | DE19: 0 | DF19: 0 | DG19: 537378.12 | DH19: 0.10735168 | DI19: 539002.13 | DJ19: 0.12224943 | DK19: 449239.26 | DL19: 0.17682601 | DM19: 134179.21 | DN19: 0.031566388 | DO19: 267373.53 | DP19: 0.14356275 | DQ19: 535021.9 | DR19: 0.16173237 | DS19: 584322.05 | DT19: 0.11800033 | DU19: 893860.77 | DV19: 0.17491303 | DW19: 447575.26 | DX19: 0.098185635 | DY19: 537479.69 | DZ19: 0.10715513 | EA19: 0 | EB19: 0 | EC19: 0 | ED19: 0 | EE19: 0 | EF19: 0 | EG19: 0 | EH19: 0 | EI19: 0 | EJ19: 0 | EK19: 0 | EL19: 0 | EM19: 0 | EN19: 0 | EO19: 0 | EP19: 0 | EQ19: 0 | ER19: 0 | ES19: =+$EY19 -> 0 | ET19: =ES19/ES24 -> 0 | EU19: =IF( SUM($EQ19:ES19)<0, "n/a", SUM($EQ19:ES19)/EU$74) -> 0 | EV19: =EU19/EU24 -> 0 | EX19: WPV RC | EY19: =IF(ISERROR(VLOOKUP(EX19,IQSH01E!$A$1:$M$400,2,0)),0,VLOOKUP(EX19,IQSH01E!$A$1:$M$400,2,0)) -> 0 | FC19: 2 spaces
B20: LTL | C20: 4122.3 | D20: 0.00081593331 | E20: 17174.95 | F20: 0.0025249107 | G20: 10943.59 | H20: 0.001381127 | I20: 62665.34 | J20: 0.0081140368 | K20: 38282.05 | L20: 0.0068867015 | M20: 15014.77 | N20: 0.0030333049 | O20: 64286.42 | P20: 0.011668699 | Q20: 90860.77 | R20: 0.014615461 | S20: 67663.83 | T20: 0.015406198 | U20: 40591.92 | V20: 0.0087155148 | W20: 40215.36 | X20: 0.0092983569 | Y20: 24649.69 | Z20: 0.0045561823 | AA20: 82592.39 | AB20: 0.015137203 | AC20: 35345.31 | AD20: 0.0058776295 | AE20: 39688.59 | AF20: 0.0068130892 | AG20: 57564.55 | AH20: 0.014238836 | AI20: 28717.82 | AJ20: 0.0079428082 | AK20: 49927.8 | AL20: 0.010006046 | AM20: 46414.83 | AN20: 0.0088936662 | AO20: 11384.63 | AP20: 0.0016149408 | AQ20: 29056.37 | AR20: 0.0032024877 | AS20: 37803.03 | AT20: 0.0058339082 | AU20: 41529.17 | AV20: 0.0082492266 | AW20: 50174.73 | AX20: 0.010591359 | AY20: 8935.52 | AZ20: 0.0013827558 | BA20: 0 | BB20: 0 | BC20: 14346.12 | BD20: 0.0016126474 | BE20: 16625.77 | BF20: 0.0027394221 | BG20: 40746.95 | BH20: 0.0047836602 | BI20: 40464.43 | BJ20: 0.0053855858 | BK20: 40722.71 | BL20: 0.007584602 | BM20: 25167.07 | BN20: 0.0080537913 | BO20: 34264.86 | BP20: 0.012263271 | BQ20: 12318.28 | BR20: 0.0034899468 | BS20: 7301.99 | BT20: 0.0021072824 | BU20: 23496.48 | BV20: 0.0071043531 | BW20: 5025.59 | BX20: 0.00091842331 | BY20: 4817.14 | BZ20: 0.00084499491 | CA20: 5025.61 | CB20: 0.00095615811 | CC20: 4177.05 | CD20: 0.0009760281 | CE20: 5025.59 | CF20: 0.00093215007 | CG20: 15594.58 | CH20: 0.002874331 | CI20: 30017.52 | CJ20: 0.0066309877 | CK20: 7379.12 | CL20: 0.0036741865 | CM20: 10502.55 | CN20: 0.0053132209 | CO20: 2088.52 | CP20: 0.0005138527 | CQ20: 7137.81 | CR20: 0.0017476299 | CS20: 8912.4 | CT20: 0.0020509449 | CU20: 18868.13 | CV20: 0.0025104881 | CW20: 29914.15 | CX20: 0.0042418878 | CY20: 5025.6 | CZ20: 0.0010032874 | DA20: 32363.02 | DB20: 0.0048325933 | DC20: 7912.57 | DD20: 0.0014722204 | DE20: 17290.29 | DF20: 0.0035666692 | DG20: 11821.27 | DH20: 0.0023615275 | DI20: 38374.04 | DJ20: 0.0087034989 | DK20: 529.91 | DL20: 0.00020857899 | DM20: 6991.35 | DN20: 0.0016447531 | DO20: 8671.05 | DP20: 0.0046558078 | DQ20: 18932.46 | DR20: 0.0057231146 | DS20: 6331.2 | DT20: 0.0012785478 | DU20: 10687.13 | DV20: 0.0020912858 | DW20: 16879.6 | DX20: 0.0037029175 | DY20: 18083.85 | DZ20: 0.0036053033 | EA20: 6489.7 | EB20: 0.0018358285 | EC20: 13429.87 | ED20: 0.0057407 | EE20: 23738.89 | EF20: 0.0055788975 | EG20: 18133.82 | EH20: 0.0058385649 | EI20: 17963.58 | EJ20: 0.0091599688 | EK20: 15176.98 | EL20: 0.015102148 | EM20: 19716.3 | EN20: 0.011138633 | EO20: 2119.64 | EP20: 0.00050301837 | EQ20: 9369.82 | ER20: 0.001712357 | ES20: =+$EY20 -> 9076.95 | ET20: =ES20/ES24 -> 0.0018050696 | EU20: =IF( SUM($EQ20:ES20)<0, "n/a", SUM($EQ20:ES20)/EU$74) -> 9223.3859 | EV20: =EU20/EU24 -> 0.0017567563 | EX20: WPV L | EY20: =IF(ISERROR(VLOOKUP(EX20,IQSH01E!$A$1:$M$400,2,0)),0,VLOOKUP(EX20,IQSH01E!$A$1:$M$400,2,0)) -> 9076.95 | FC20: 1 space
B21: Export | C21: 0 | D21: 0 | E21: 0 | F21: 0 | G21: 0 | H21: 0 | I21: 0 | J21: 0 | K21: 0 | L21: 0 | M21: 0 | N21: 0 | O21: 0 | P21: 0 | Q21: 0 | R21: 0 | S21: 0 | T21: 0 | U21: 0 | V21: 0 | W21: 0 | X21: 0 | Y21: 0 | Z21: 0 | AA21: 0 | AB21: 0 | AC21: 0 | AD21: 0 | AE21: 0 | AF21: 0 | AG21: 0 | AH21: 0 | AI21: 0 | AJ21: 0 | AK21: 0 | AL21: 0 | AM21: 0 | AN21: 0 | AO21: 0 | AP21: 0 | AQ21: 0 | AR21: 0 | AS21: 0 | AT21: 0 | AU21: 0 | AV21: 0 | AW21: 0 | AX21: 0 | AY21: 0 | AZ21: 0 | BA21: 0 | BB21: 0 | BC21: 0 | BD21: 0 | BE21: 0 | BF21: 0 | BG21: 0 | BH21: 0 | BI21: 0 | BJ21: 0 | BK21: 0 | BL21: 0 | BM21: 0 | BN21: 0 | BO21: 0 | BP21: 0 | BQ21: 0 | BR21: 0 | BS21: 0 | BT21: 0 | BU21: 0 | BV21: 0 | BW21: 0 | BX21: 0 | BY21: 0 | BZ21: 0 | CA21: 0 | CB21: 0 | CC21: 0 | CD21: 0 | CE21: 0 | CF21: 0 | CG21: 0 | CH21: 0 | CI21: 0 | CJ21: 0 | CK21: 0 | CL21: 0 | CM21: 0 | CN21: 0 | CO21: 0 | CP21: 0 | CQ21: 0 | CR21: 0 | CS21: 0 | CT21: 0 | CU21: 0 | CV21: 0 | CW21: 0 | CX21: 0 | CY21: 0 | CZ21: 0 | DA21: 0 | DB21: 0 | DC21: 0 | DD21: 0 | DE21: 0 | DF21: 0 | DG21: 0 | DH21: 0 | DI21: 0 | DJ21: 0 | DK21: 0 | DL21: 0 | DM21: 0 | DN21: 0 | DO21: 0 | DP21: 0 | DQ21: 0 | DR21: 0 | DS21: 0 | DT21: 0 | DU21: 0 | DV21: 0 | DW21: 0 | DX21: 0 | DY21: 0 | DZ21: 0 | EA21: 0 | EB21: 0 | EC21: 0 | ED21: 0 | EE21: 0 | EF21: 0 | EG21: 0 | EH21: 0 | EI21: 0 | EJ21: 0 | EK21: 0 | EL21: 0 | EM21: 0 | EN21: 0 | EO21: 0 | EP21: 0 | EQ21: 0 | ER21: 0 | ES21: =+$EY21 -> 0 | ET21: =ES21/ES24 -> 0 | EU21: =IF( SUM($EQ21:ES21)<0, "n/a", SUM($EQ21:ES21)/EU$74) -> 0 | EV21: =EU21/EU24 -> 0 | EX21: WPVE | EY21: =IF(ISERROR(VLOOKUP(EX21,IQSH01E!$A$1:$M$400,2,0)),0,VLOOKUP(EX21,IQSH01E!$A$1:$M$400,2,0)) -> 0 | FC21: no
A22: PVC | B22: Sample | C22: 0 | D22: 0 | E22: 0 | F22: 0 | G22: 0 | H22: 0 | I22: 0 | J22: 0 | K22: 0 | L22: 0 | M22: 0 | N22: 0 | O22: 0 | P22: 0 | Q22: 0 | R22: 0 | S22: 0 | T22: 0 | U22: 0 | V22: 0 | W22: 0 | X22: 0 | Y22: 0 | Z22: 0 | AA22: 0 | AB22: 0 | AC22: 0 | AD22: 0 | AE22: 0 | AF22: 0 | AG22: 0 | AH22: 0 | AI22: 0 | AJ22: 0 | AK22: 0 | AL22: 0 | AM22: 0 | AN22: 0 | AO22: 0 | AP22: 0 | AQ22: 0 | AR22: 0 | AS22: 0 | AT22: 0 | AU22: 0 | AV22: 0 | AW22: 0 | AX22: 0 | AY22: 0 | AZ22: 0 | BA22: 0 | BB22: 0 | BC22: 0 | BD22: 0 | BE22: 0 | BF22: 0 | BG22: 0 | BH22: 0 | BI22: 0 | BJ22: 0 | BK22: 0 | BL22: 0 | BM22: 0 | BN22: 0 | BO22: 0 | BP22: 0 | BQ22: 933.65 | BR22: 0.00026451654 | BS22: 0 | BT22: 0 | BU22: 0 | BV22: 0 | BW22: 0 | BX22: 0 | BY22: 4005.54 | BZ22: 0.00070262872 | CA22: 197.47 | CB22: 3.7570074e-05 | CC22: 0 | CD22: 0 | CE22: 0 | CF22: 0 | CG22: 0 | CH22: 0 | CI22: 0 | CJ22: 0 | CK22: 43278.58 | CL22: 0.021549124 | CM22: 0 | CN22: 0 | CO22: 0 | CP22: 0 | CQ22: 0 | CR22: 0 | CS22: 1045 | CT22: 0.00024047814 | CU22: 0 | CV22: 0 | CW22: 0 | CX22: 0 | CY22: 0 | CZ22: 0 | DA22: 0 | DB22: 0 | DC22: 0 | DD22: 0 | DE22: 0 | DF22: 0 | DG22: 0 | DH22: 0 | DI22: 48752.61 | DJ22: 0.011057431 | DK22: 16 | DL22: 6.2977935e-06 | DM22: 0 | DN22: 0 | DO22: 0 | DP22: 0 | DQ22: 0 | DR22: 0 | DS22: 0 | DT22: 0 | DU22: 0 | DV22: 0 | DW22: 0 | DX22: 0 | DY22: 0 | DZ22: 0 | EA22: 0 | EB22: 0 | EC22: 0 | ED22: 0 | EE22: 0 | EF22: 0 | EG22: 0 | EH22: 0 | EI22: 1326.13 | EJ22: 0.00067621874 | EK22: 0 | EL22: 0 | EM22: 0 | EN22: 0 | EO22: 0 | EP22: 0 | EQ22: 584.44 | ER22: 0.0001068078 | ES22: =+$EY22 -> 0 | ET22: =ES22/ES24 -> 0 | EU22: =IF( SUM($EQ22:ES22)<0, "n/a", SUM($EQ22:ES22)/EU$74) -> 292.22005 | EV22: =EU22/EU24 -> 5.5658456e-05 | EX22: WPV F | EY22: =IF(ISERROR(VLOOKUP(EX22,IQSH01E!$A$1:$M$400,2,0)),0,VLOOKUP(EX22,IQSH01E!$A$1:$M$400,2,0)) -> 0 | FC22: 1 space
B23: Reconsignment | C23: 0 | D23: 0 | E23: 0 | F23: 0 | G23: 0 | H23: 0 | I23: 0 | J23: 0 | K23: 0 | L23: 0 | M23: 0 | N23: 0 | O23: 0 | P23: 0 | Q23: 0 | R23: 0 | S23: 0 | T23: 0 | U23: 0 | V23: 0 | W23: 0 | X23: 0 | Y23: 0 | Z23: 0 | AA23: 0 | AB23: 0 | AC23: 0 | AD23: 0 | AE23: 0 | AF23: 0 | AG23: 0 | AH23: 0 | AI23: 0 | AJ23: 0 | AK23: 0 | AL23: 0 | AM23: 0 | AN23: 0 | AO23: 0 | AP23: 0 | AQ23: 0 | AR23: 0 | AS23: 0 | AT23: 0 | AU23: 0 | AV23: 0 | AW23: 0 | AX23: 0 | AY23: 0 | AZ23: 0 | BA23: 0 | BB23: 0 | BC23: 0 | BD23: 0 | BE23: 0 | BF23: 0 | BG23: 1766.12 | BH23: 0.00020734111 | BI23: 0 | BJ23: 0 | BK23: 0 | BL23: 0 | BM23: 0 | BN23: 0 | BO23: 0 | BP23: 0 | BQ23: 0 | BR23: 0 | BS23: 0 | BT23: 0 | BU23: 0 | BV23: 0 | BW23: 0 | BX23: 0 | BY23: 0 | BZ23: 0 | CA23: 0 | CB23: 0 | CC23: 0 | CD23: 0 | CE23: 0 | CF23: 0 | CG23: 0 | CH23: 0 | CI23: 0 | CJ23: 0 | CK23: 0 | CL23: 0 | CM23: 0 | CN23: 0 | CO23: 0 | CP23: 0 | CQ23: 0 | CR23: 0 | CS23: 0 | CT23: 0 | CU23: 0 | CV23: 0 | CW23: 0 | CX23: 0 | CY23: 0 | CZ23: 0 | DA23: 0 | DB23: 0 | DC23: 0 | DD23: 0 | DE23: 0 | DF23: 0 | DG23: 0 | DH23: 0 | DI23: 0 | DJ23: 0 | DK23: 0 | DL23: 0 | DM23: 0 | DN23: 0 | DO23: 0 | DP23: 0 | DQ23: 0 | DR23: 0 | DS23: 0 | DT23: 0 | DU23: 0 | DV23: 0 | DW23: 0 | DX23: 0 | DY23: 0 | DZ23: 0 | EA23: 0 | EB23: 0 | EC23: 0 | ED23: 0 | EE23: 0 | EF23: 0 | EG23: 0 | EH23: 0 | EI23: 0 | EJ23: 0 | EK23: 0 | EL23: 0 | EM23: 0 | EN23: 0 | EO23: 3656.7 | EP23: 0.00086778286 | EQ23: 1725 | ER23: 0.00031524787 | ES23: =+$EY23 -> 0 | ET23: =ES23/ES24 -> 0 | EU23: =IF( SUM($EQ23:ES23)<0, "n/a", SUM($EQ23:ES23)/EU$74) -> 862.50016 | EV23: =EU23/EU24 -> 0.00016427834 | EX23: WPVR | EY23: =IF(ISERROR(VLOOKUP(EX23,IQSH01E!$A$1:$M$400,2,0)),0,VLOOKUP(EX23,IQSH01E!$A$1:$M$400,2,0)) -> 0 | FC23: no
B24: Prepaid Total | C24: 5052251.1 | D24: 1 | E24: 6802201.1 | F24: 1 | G24: 7923666.6 | H24: 1 | I24: 7723078.1 | J24: 1 | K24: 5558836.9 | L24: 1 | M24: 4949970.6 | N24: 1 | O24: 5509304.7 | P24: 1 | Q24: 6216757 | R24: 1 | S24: 4391987.5 | T24: 1 | U24: 4657432.3 | V24: 1 | W24: 4324996.4 | X24: 1 | Y24: 5410163.3 | Z24: 1 | AA24: 5456251.9 | AB24: 1 | AC24: 6013531.5 | AD24: 1 | AE24: 5825344.2 | AF24: 1 | AG24: 4042784.7 | AH24: 1 | AI24: 3615575.2 | AJ24: 1 | AK24: 4989763.1 | AL24: 1 | AM24: 5218863.5 | AN24: 1 | AO24: 7049564.7 | AP24: 1 | AQ24: 9073062.3 | AR24: 1 | AS24: 6479880.8 | AT24: 1 | AU24: 5034310.7 | AV24: 1 | AW24: 4737326.9 | AX24: 1 | AY24: 6462110.1 | AZ24: 1 | BA24: 7441061 | BB24: 1 | BC24: 8896005.2 | BD24: 1 | BE24: 6069079.3 | BF24: 1 | BG24: 8517944 | BH24: 1 | BI24: 7513468.7 | BJ24: 1 | BK24: 5369129.5 | BL24: 1 | BM24: 3124872.4 | BN24: 1 | BO24: 2794104.4 | BP24: 1 | BQ24: 3529647 | BR24: 1 | BS24: 3465121.7 | BT24: 1 | BU24: 3307335.6 | BV24: 1 | BW24: 5471975.7 | BX24: 1 | BY24: 5700791.7 | BZ24: 1 | CA24: 5256044.9 | CB24: 1 | CC24: 4279641.1 | CD24: 1 | CE24: 5391395.8 | CF24: 1 | CG24: 5425464.3 | CH24: 1 | CI24: 4526855 | CJ24: 1 | CK24: 2008368.4 | CL24: 1 | CM24: 1976682.4 | CN24: 1 | CO24: 4064433.3 | CP24: 1 | CQ24: 4084280 | CR24: 1 | CS24: 4345509.3 | CT24: 1 | CU24: 7515721.7 | CV24: 1 | CW24: 7052084.2 | CX24: 1 | CY24: 5009133.2 | CZ24: 1 | DA24: 6696822.6 | DB24: 1 | DC24: 5374582.6 | DD24: 1 | DE24: 4847741.5 | DF24: 1 | DG24: 5005772.7 | DH24: 1 | DI24: 4409036 | DJ24: 1 | DK24: 2540572.3 | DL24: 1 | DM24: 4250698.8 | DN24: 1 | DO24: 1862415.8 | DP24: 1 | DQ24: 3308069.3 | DR24: 1 | DS24: 4951868.1 | DT24: 1 | DU24: 5110315.5 | DV24: 1 | DW24: 4558459.7 | DX24: 1 | DY24: 5015902.6 | DZ24: 1 | EA24: 3535025.3 | EB24: 1 | EC24: 2339413.3 | ED24: 1 | EE24: 4255122.1 | EF24: 1 | EG24: 3105869.4 | EH24: 1 | EI24: 1961096.2 | EJ24: 1 | EK24: 1004955.1 | EL24: 1 | EM24: 1770082.5 | EN24: 1 | EO24: 4213842.2 | EP24: 1 | EQ24: 5471884.8 | ER24: 1 | ES24: =SUM(ES17:ES23) -> 5028587.2 | ET24: =ES24/ES24 -> 1 | EU24: =IF( SUM($EQ24:ES24)<0, "n/a", SUM($EQ24:ES24)/EU$74) -> 5250236.5 | EV24: =EU24/EU24 -> 1 | EX24: <--sub-total | EY24: =IF(ISERROR(VLOOKUP(EX24,IQSH01E!$A$1:$M$400,2,0)),0,VLOOKUP(EX24,IQSH01E!$A$1:$M$400,2,0)) -> 0
B25: CPU (Lolita) | C25: 3813633.3 | E25: 3469802.6 | G25: 5781621.8 | I25: 5060735.6 | K25: 10088948 | M25: 10347913 | O25: 9887414.3 | Q25: 7484605.7 | S25: 6933591.8 | U25: 9286257 | W25: 7934868.5 | Y25: 4966205.9 | AA25: 5193474.2 | AC25: 2751490.1 | AE25: 5916739.4 | AG25: 7511271.7 | AI25: 10491938 | AK25: 7107397.3 | AM25: 6447326.4 | AO25: 8100140.1 | AQ25: 6725433.8 | AS25: 7189489 | AU25: 5367054.6 | AW25: 5035092.3 | AY25: 3961056 | BA25: 4029786.4 | BC25: 6256028.3 | BE25: 9352259.5 | BG25: 9519599.2 | BI25: 5809733.6 | BK25: 8455422.1 | BM25: 7231608.7 | BO25: 8850574.4 | BQ25: 7195066.8 | BS25: 7175820 | BU25: 4316080.2 | BW25: 4500117.8 | BY25: 5112011.9 | CA25: 8996694.4 | CC25: 4543512.7 | CE25: 9358273 | CG25: 10572784 | CI25: 9046322.8 | CK25: 8717215.5 | CM25: 8393792.6 | CO25: 8841446.8 | CQ25: 6114034.9 | CS25: 4209944.2 | CU25: 3739318.8 | CW25: 4484234 | CY25: 8687309.5 | DA25: 11396163 | DC25: 10396152 | DE25: 5596967.9 | DG25: 9629143 | DI25: 8182417.4 | DK25: 9597020.2 | DM25: 9018757.3 | DO25: 7717861.4 | DQ25: 4528467.3 | DS25: 5071891.3 | DU25: 4840554.6 | DW25: 9228379 | DY25: 9444060.9 | EA25: 11089867 | EC25: 8447970.9 | EE25: 8638179.4 | EG25: 7447901.7 | EI25: 8461535.9 | EK25: 9514916 | EM25: 5813768.2 | EO25: 3889718.9 | EQ25: 2422202.6 | ES25: =+$EY25 -> 2215099.2 | EU25: =IF( SUM($EQ25:ES25)<0, "n/a", SUM($EQ25:ES25)/EU$74) -> 2318650.9 | EX25: WPV C | EY25: =IF(ISERROR(VLOOKUP(EX25,IQSH01E!$A$1:$M$400,2,0)),0,VLOOKUP(EX25,IQSH01E!$A$1:$M$400,2,0)) -> 2215099.2 | FC25: 1 space
B26: Wharehouse | C26: 0 | E26: 0 | G26: 0 | I26: 0 | K26: 0 | M26: 0 | O26: 0 | Q26: 0 | S26: 0 | U26: 0 | W26: 0 | Y26: 0 | AA26: 0 | AC26: 0 | AE26: 0 | AG26: 0 | AI26: 0 | AK26: 0 | AM26: 0 | AO26: 0 | AQ26: 0 | AS26: 0 | AU26: 0 | AW26: 0 | AY26: 0 | BA26: 0 | BC26: 0 | BE26: 0 | BG26: 0 | BI26: 0 | BK26: 0 | BM26: 0 | BO26: 0 | BQ26: 0 | BS26: 0 | BU26: 0 | BW26: 0 | BY26: 0 | CA26: 0 | CC26: 0 | CE26: 0 | CG26: 0 | CI26: 0 | CK26: 0 | CM26: 0 | CO26: 0 | CQ26: 0 | CS26: 0 | CU26: 0 | CW26: 0 | CY26: 0 | DA26: 0 | DC26: 0 | DE26: 0 | DG26: 0 | DI26: 0 | DK26: 0 | DM26: 0 | DO26: 0 | DQ26: 0 | DS26: 0 | DU26: 0 | DW26: 0 | DY26: 0 | EA26: 0 | EC26: 0 | EE26: 0 | EG26: 0 | EI26: 0 | EK26: 0 | EM26: 0 | EO26: 0 | EQ26: 0 | ES26: =+$EY26 -> 0 | EU26: =IF( SUM($EQ26:ES26)<0, "n/a", SUM($EQ26:ES26)/EU$74) -> 0 | EX26: WPV OS | EY26: =IF(ISERROR(VLOOKUP(EX26,IQSH01E!$A$1:$M$400,2,0)),0,VLOOKUP(EX26,IQSH01E!$A$1:$M$400,2,0)) -> 0 | FC26: 2 spaces
B27: Grand Total | C27: 8865884.4 | E27: 10272004 | G27: 13705288 | I27: 12783814 | K27: 15647785 | M27: 15297883 | O27: 15396719 | Q27: 13701363 | S27: 11325579 | U27: 13943689 | W27: 12259865 | Y27: 10376369 | AA27: 10649726 | AC27: 8765021.6 | AE27: 11742084 | AG27: 11554056 | AI27: 14107513 | AK27: 12097160 | AM27: 11666190 | AO27: 15149705 | AQ27: 15798496 | AS27: 13669370 | AU27: 10401365 | AW27: 9772419.2 | AY27: 10423166 | BA27: 11470847 | BC27: 15152033 | BE27: 15421339 | BG27: 18037543 | BI27: 13323202 | BK27: 13824552 | BM27: 10356481 | BO27: 11644679 | BQ27: 10724714 | BS27: 10640942 | BU27: 7623415.9 | BW27: 9972093.5 | BY27: 10812804 | CA27: 14252739 | CC27: 8823153.8 | CE27: 14749669 | CG27: 15998249 | CI27: 13573178 | CK27: 10725584 | CM27: 10370475 | CO27: 12905880 | CQ27: 10198315 | CS27: 8555453.5 | CU27: 11255041 | CW27: 11536318 | CY27: 13696443 | DA27: 18092985 | DC27: 15770735 | DE27: 10444709 | DG27: 14634916 | DI27: 12591453 | DK27: 12137593 | DM27: 13269456 | DO27: 9580277.2 | DQ27: 7836536.6 | DS27: 10023759 | DU27: 9950870.1 | DW27: 13786839 | DY27: 14459964 | EA27: 14624893 | EC27: 10787384 | EE27: 12893301 | EG27: 10553771 | EI27: 10422632 | EK27: 10519871 | EM27: 7583850.8 | EO27: 8103561.1 | EQ27: 7894087.3 | ES27: =SUM(ES24:ES26) -> 7243686.3 | EU27: =IF( SUM($EQ27:ES27)<0, "n/a", SUM($EQ27:ES27)/EU$74) -> 7568886.8 | EX27: WPV T | EY27: =IF(ISERROR(VLOOKUP(EX27,IQSH01E!$A$1:$M$400,2,0)),0,VLOOKUP(EX27,IQSH01E!$A$1:$M$400,2,0)) -> 7243686.3 | FC27: 1 space
B28: Intermodal | C28: 0 | D28: 0 | E28: 0 | F28: 0 | G28: 0 | H28: 0 | I28: 0 | J28: 0 | K28: 0 | L28: 0 | M28: 0 | N28: 0 | O28: 0 | P28: 0 | Q28: 0 | R28: 0 | S28: 0 | T28: 0 | U28: 0 | V28: 0 | W28: 0 | X28: 0 | Y28: 0 | Z28: 0 | AA28: 0 | AB28: 0 | AC28: 0 | AD28: 0 | AE28: 0 | AF28: 0 | AG28: 0 | AH28: 0 | AI28: 0 | AJ28: 0 | AK28: 0 | AL28: 0 | AM28: 0 | AN28: 0 | AO28: 28347 | AP28: 0.040347842 | AQ28: 0 | AR28: 0 | AS28: 0 | AT28: 0 | AU28: 0 | AV28: 0 | AW28: 0 | AX28: 0 | AY28: 0 | AZ28: 0 | BA28: 0 | BB28: 0 | BC28: 0 | BD28: 0 | BE28: 0 | BF28: 0 | BG28: 0 | BH28: 0 | BI28: 0 | BJ28: 0 | BK28: 0 | BL28: 0 | BM28: 0 | BN28: 0 | BO28: 0 | BP28: 0 | BQ28: 0 | BR28: 0 | BS28: 0 | BT28: 0 | BU28: 0 | BV28: 0 | BW28: 0 | BX28: 0 | BY28: 0 | BZ28: 0 | CA28: 0 | CB28: 0 | CC28: 0 | CD28: 0 | CE28: 0 | CF28: 0 | CG28: 0 | CH28: 0 | CI28: 0 | CJ28: 0 | CK28: 0 | CL28: 0 | CM28: 0 | CN28: 0 | CO28: 0 | CP28: 0 | CQ28: 0 | CR28: 0 | CS28: 0 | CT28: 0 | CU28: 0 | CV28: 0 | CW28: 0 | CX28: 0 | CY28: 0 | CZ28: 0 | DA28: 0 | DB28: 0 | DC28: 0 | DD28: 0 | DE28: 0 | DF28: 0 | DG28: 0 | DH28: 0 | DI28: 0 | DJ28: 0 | DK28: 0 | DL28: 0 | DM28: 0 | DN28: 0 | DO28: 0 | DP28: 0 | DQ28: 0 | DR28: 0 | DS28: 0 | DT28: 0 | DU28: 0 | DV28: 0 | DW28: 0 | DX28: 0 | DY28: 0 | DZ28: 0 | EA28: 0 | EB28: 0 | EC28: 0 | ED28: 0 | EE28: 0 | EF28: 0 | EG28: 0 | EH28: 0 | EI28: 0 | EJ28: 0 | EK28: 0 | EL28: 0 | EM28: 0 | EN28: 0 | EO28: 0 | EP28: 0 | EQ28: 0 | ER28: 0 | ES28: =+$EY28 -> 0 | ET28: =ES28/ES35 -> 0 | EU28: =IF( SUM($EQ28:ES28)<0, "n/a", SUM($EQ28:ES28)/EU$74) -> 0 | EV28: =EU28/EU35 -> 0 | EX28: WPXI | EY28: =IF(ISERROR(VLOOKUP(EX28,IQSH01E!$A$1:$M$400,2,0)),0,VLOOKUP(EX28,IQSH01E!$A$1:$M$400,2,0)) -> 0 | FC28: no
B29: FTL | C29: 563294.03 | D29: 0.73654826 | E29: 579608.56 | F29: 0.76796879 | G29: 685308 | H29: 0.75041113 | I29: 622486.2 | J29: 0.71050816 | K29: 481425 | L29: 0.65101171 | M29: 749596 | N29: 0.75749085 | O29: 591797.76 | P29: 0.6811322 | Q29: 604621.8 | R29: 0.76960093 | S29: 932411 | T29: 0.88289981 | U29: 451435 | V29: 0.71659873 | W29: 465575 | X29: 0.6893224 | Y29: 640697 | Z29: 0.83514195 | AA29: 713566 | AB29: 0.78399564 | AC29: 776310 | AD29: 0.87972203 | AE29: 761538 | AF29: 0.75194335 | AG29: 708316 | AH29: 0.77236371 | AI29: 625869 | AJ29: 0.76746017 | AK29: 609502 | AL29: 0.72055302 | AM29: 898452.48 | AN29: 0.85559352 | AO29: 447142.64 | AP29: 0.63644267 | AQ29: 520672.8 | AR29: 0.75146156 | AS29: 457426 | AT29: 0.7448483 | AU29: 554495.62 | AV29: 0.83214494 | AW29: 692944 | AX29: 0.90969329 | AY29: 634048 | AZ29: 0.77037517 | BA29: 872908 | BB29: 0.89000377 | BC29: 977804 | BD29: 0.81339469 | BE29: 847129 | BF29: 0.77199768 | BG29: 950705 | BH29: 0.80098364 | BI29: 899542.37 | BJ29: 0.81208721 | BK29: 747499 | BL29: 0.82818807 | BM29: 660321.97 | BN29: 0.81284064 | BO29: 756626 | BP29: 0.89180974 | BQ29: 927827 | BR29: 0.92012177 | BS29: 464176 | BT29: 0.82526836 | BU29: 700777 | BV29: 0.82476061 | BW29: 652992 | BX29: 0.80736537 | BY29: 466517.48 | BZ29: 0.75486675 | CA29: 574768.23 | CB29: 0.83439348 | CC29: 544544.19 | CD29: 0.8439981 | CE29: 345295 | CF29: 0.66097358 | CG29: 609538 | CH29: 0.78014705 | CI29: 481256 | CJ29: 0.90718476 | CK29: 617246 | CL29: 0.85361945 | CM29: 425896 | CN29: 0.85964199 | CO29: 533577 | CP29: 0.82194901 | CQ29: 411938.64 | CR29: 0.90567767 | CS29: 474340 | CT29: 0.91209185 | CU29: 332943 | CV29: 0.74685138 | CW29: 358561 | CX29: 0.74753419 | CY29: 637982 | CZ29: 0.84601696 | DA29: 695229 | DB29: 0.85977334 | DC29: 507427 | DD29: 0.76988866 | DE29: 457563 | DF29: 0.85357412 | DG29: 580273 | DH29: 0.84063196 | DI29: 397855 | DJ29: 0.86919741 | DK29: 393062 | DL29: 0.80857111 | DM29: 534398 | DN29: 0.85996084 | DO29: 450172.26 | DP29: 0.86601074 | DQ29: 633383.72 | DR29: 0.94370517 | DS29: 280691 | DT29: 0.74856786 | DU29: 382077.44 | DV29: 0.7878906 | DW29: 690625 | DX29: 0.83113631 | DY29: 596058 | DZ29: 0.85528842 | EA29: 395171.52 | EB29: 0.82556496 | EC29: 377006 | ED29: 0.87676189 | EE29: 522280.14 | EF29: 0.89854229 | EG29: 444485.11 | EH29: 0.8399567 | EI29: 519496.21 | EJ29: 0.91405118 | EK29: 887084 | EL29: 0.96245472 | EM29: 631116 | EN29: 0.9365705 | EO29: 781542.03 | EP29: 0.91848171 | EQ29: 357208 | ER29: 0.82960528 | ES29: =+$EY29 -> 628329 | ET29: =ES29/ES35 -> 0.93377557 | EU29: =IF( SUM($EQ29:ES29)<0, "n/a", SUM($EQ29:ES29)/EU$74) -> 492768.91 | EV29: =EU29/EU35 -> 0.89312797 | EX29: All Others | EY29: =+EY38-EY37-EY36-EY28-EY31-EY32-EY33-EY34-EY30 -> 628329
B30: Railcar | C30: 0 | D30: 0 | E30: 0 | F30: 0 | G30: 0 | H30: 0 | I30: 0 | J30: 0 | K30: 0 | L30: 0 | M30: 0 | N30: 0 | O30: 0 | P30: 0 | Q30: 0 | R30: 0 | S30: 0 | T30: 0 | U30: 0 | V30: 0 | W30: 0 | X30: 0 | Y30: 0 | Z30: 0 | AA30: 0 | AB30: 0 | AC30: 0 | AD30: 0 | AE30: 0 | AF30: 0 | AG30: 0 | AH30: 0 | AI30: 0 | AJ30: 0 | AK30: 0 | AL30: 0 | AM30: 0 | AN30: 0 | AO30: 0 | AP30: 0 | AQ30: 0 | AR30: 0 | AS30: 0 | AT30: 0 | AU30: 0 | AV30: 0 | AW30: 0 | AX30: 0 | AY30: 0 | AZ30: 0 | BA30: 0 | BB30: 0 | BC30: 0 | BD30: 0 | BE30: 0 | BF30: 0 | BG30: 0 | BH30: 0 | BI30: 0 | BJ30: 0 | BK30: 0 | BL30: 0 | BM30: 0 | BN30: 0 | BO30: 0 | BP30: 0 | BQ30: 0 | BR30: 0 | BS30: 0 | BT30: 0 | BU30: 0 | BV30: 0 | BW30: 0 | BX30: 0 | BY30: 0 | BZ30: 0 | CA30: 0 | CB30: 0 | CC30: 0 | CD30: 0 | CE30: 0 | CF30: 0 | CG30: 0 | CH30: 0 | CI30: 0 | CJ30: 0 | CK30: 0 | CL30: 0 | CM30: 0 | CN30: 0 | CO30: 0 | CP30: 0 | CQ30: 0 | CR30: 0 | CS30: 0 | CT30: 0 | CU30: 0 | CV30: 0 | CW30: 0 | CX30: 0 | CY30: 0 | CZ30: 0 | DA30: 0 | DB30: 0 | DC30: 0 | DD30: 0 | DE30: 0 | DF30: 0 | DG30: 0 | DH30: 0 | DI30: 0 | DJ30: 0 | DK30: 0 | DL30: 0 | DM30: 0 | DN30: 0 | DO30: 0 | DP30: 0 | DQ30: 0 | DR30: 0 | DS30: 0 | DT30: 0 | DU30: 0 | DV30: 0 | DW30: 0 | DX30: 0 | DY30: 0 | DZ30: 0 | EA30: 0 | EB30: 0 | EC30: 0 | ED30: 0 | EE30: 0 | EF30: 0 | EG30: 0 | EH30: 0 | EI30: 0 | EJ30: 0 | EK30: 0 | EL30: 0 | EM30: 0 | EN30: 0 | EO30: 0 | EP30: 0 | EQ30: 0 | ER30: 0 | ES30: =+$EY30 -> 0 | ET30: =ES30/ES35 -> 0 | EU30: =IF( SUM($EQ30:ES30)<0, "n/a", SUM($EQ30:ES30)/EU$74) -> 0 | EV30: =EU30/EU35 -> 0 | EX30: WPX RC | EY30: =IF(ISERROR(VLOOKUP(EX30,IQSH01E!$A$1:$M$400,2,0)),0,VLOOKUP(EX30,IQSH01E!$A$1:$M$400,2,0)) -> 0 | FC30: 2 spaces
B31: LTL | C31: 201481.42 | D31: 0.26345174 | E31: 175029.88 | F31: 0.2319108 | G31: 226612.39 | H31: 0.24814019 | I31: 213983.53 | J31: 0.24424163 | K31: 257811.38 | L31: 0.34862798 | M31: 239969.63 | N31: 0.24249702 | O31: 277044.44 | P31: 0.3188655 | Q31: 181008.49 | R31: 0.23039907 | S31: 123485 | T31: 0.11692793 | U31: 178517.89 | V31: 0.28337567 | W31: 169335.65 | X31: 0.25071547 | Y31: 126290.38 | Z31: 0.16461821 | AA31: 196599.78 | AB31: 0.21600436 | AC31: 106129.97 | AD31: 0.12026751 | AE31: 251181.97 | AF31: 0.24801732 | AG31: 208591.95 | AH31: 0.22745336 | AI31: 189637.82 | AJ31: 0.23253983 | AK31: 236378.85 | AL31: 0.27944698 | AM31: 151612.19 | AN31: 0.14437982 | AO31: 189223.82 | AP31: 0.26933265 | AQ31: 172169.35 | AR31: 0.24848359 | AS31: 156687.38 | AT31: 0.25514144 | AU31: 111849.38 | AV31: 0.16785506 | AW31: 68758.52 | AX31: 0.090265829 | AY31: 188989.95 | AZ31: 0.22962483 | BA31: 107883.35 | BB31: 0.10999623 | BC31: 224323.35 | BD31: 0.18660531 | BE31: 250191.65 | BF31: 0.22800232 | BG31: 236212.87 | BH31: 0.19901299 | BI31: 168094.46 | BJ31: 0.15175201 | BK31: 155003.56 | BL31: 0.17173548 | BM31: 152032.78 | BN31: 0.18714874 | BO31: 91790.39 | BP31: 0.10819026 | BQ31: 80547.14 | BR31: 0.079878229 | BS31: 98128.34 | BT31: 0.17446446 | BU31: 111460.22 | BV31: 0.1311801 | BW31: 155644.86 | BX31: 0.19244075 | BY31: 151495.54 | BZ31: 0.24513325 | CA31: 114070.68 | CB31: 0.16559689 | CC31: 100414.32 | CD31: 0.15563383 | CE31: 177104.72 | CF31: 0.33901893 | CG31: 171773.68 | CH31: 0.21985295 | CI31: 49057.92 | CJ31: 0.092475933 | CK31: 105846.71 | CL31: 0.14638055 | CM31: 69485.24 | CN31: 0.14025121 | CO31: 77496.71 | CP31: 0.11937985 | CQ31: 42897.59 | CR31: 0.094313535 | CS31: 45713.27 | CT31: 0.087900454 | CU31: 112847.62 | CV31: 0.25313763 | CW31: 121044.33 | CX31: 0.25235532 | CY31: 116108.72 | CZ31: 0.15396978 | DA31: 73274.2 | DB31: 0.090616479 | DC31: 151654.5 | DD31: 0.23009631 | DE31: 78492.38 | DF31: 0.14642588 | DG31: 110008.87 | DH31: 0.15936804 | DI31: 59864.98 | DJ31: 0.13078756 | DK31: 93048.63 | DL31: 0.19141111 | DM31: 87023.32 | DN31: 0.14003916 | DO31: 69650.69 | DP31: 0.13398926 | DQ31: 37775.37 | DR31: 0.05628312 | DS31: 94275.86 | DT31: 0.25142195 | DU31: 102835.93 | DV31: 0.21206032 | DW31: 99763.72 | DX31: 0.12006118 | DY31: 100850.77 | DZ31: 0.14471158 | EA31: 83395.71 | EB31: 0.17422454 | EC31: 52990 | ED31: 0.12323309 | EE31: 58972.57 | EF31: 0.10145771 | EG31: 84691.11 | EH31: 0.1600433 | EI31: 48848.56 | EJ31: 0.085948816 | EK31: 34605.07 | EL31: 0.037545275 | EM31: 42742.51 | EN31: 0.063429502 | EO31: 69354.22 | EP31: 0.081506279 | EQ31: 73293.85 | ER31: 0.17022285 | ES31: =+$EY31 -> 44561.81 | ET31: =ES31/ES35 -> 0.066224429 | EU31: =IF( SUM($EQ31:ES31)<0, "n/a", SUM($EQ31:ES31)/EU$74) -> 58927.915 | EV31: =EU31/EU35 -> 0.10680497 | EX31: WPX L | EY31: =IF(ISERROR(VLOOKUP(EX31,IQSH01E!$A$1:$M$400,2,0)),0,VLOOKUP(EX31,IQSH01E!$A$1:$M$400,2,0)) -> 44561.81 | FC31: 1 space
B32: Export | C32: 0 | D32: 0 | E32: 0 | F32: 0 | G32: 0 | H32: 0 | I32: 39401 | J32: 0.044972454 | K32: 0 | L32: 0 | M32: 0 | N32: 0 | O32: 0 | P32: 0 | Q32: 0 | R32: 0 | S32: 0 | T32: 0 | U32: 0 | V32: 0 | W32: 40499 | X32: 0.059962128 | Y32: 0 | Z32: 0 | AA32: 0 | AB32: 0 | AC32: 0 | AD32: 0 | AE32: 0 | AF32: 0 | AG32: 0 | AH32: 0 | AI32: 0 | AJ32: 0 | AK32: 0 | AL32: 0 | AM32: 0 | AN32: 0 | AO32: 37814 | AP32: 0.053822743 | AQ32: 0 | AR32: 0 | AS32: 0 | AT32: 0 | AU32: 0 | AV32: 0 | AW32: 0 | AX32: 0 | AY32: 0 | AZ32: 0 | BA32: 0 | BB32: 0 | BC32: 0 | BD32: 0 | BE32: 0 | BF32: 0 | BG32: 0 | BH32: 0 | BI32: 40055 | BJ32: 0.036160779 | BK32: 0 | BL32: 0 | BM32: 0 | BN32: 0 | BO32: 0 | BP32: 0 | BQ32: 0 | BR32: 0 | BS32: 0 | BT32: 0 | BU32: 37436 | BV32: 0.044059291 | BW32: 0 | BX32: 0 | BY32: 0 | BZ32: 0 | CA32: 0 | CB32: 0 | CC32: 0 | CD32: 0 | CE32: 0 | CF32: 0 | CG32: 0 | CH32: 0 | CI32: 0 | CJ32: 0 | CK32: 0 | CL32: 0 | CM32: 0 | CN32: 0 | CO32: 38087 | CP32: 0.058671142 | CQ32: 0 | CR32: 0 | CS32: 0 | CT32: 0 | CU32: 0 | CV32: 0 | CW32: 0 | CX32: 0 | CY32: 0 | CZ32: 0 | DA32: 40110 | DB32: 0.049603093 | DC32: 0 | DD32: 0 | DE32: 0 | DF32: 0 | DG32: 0 | DH32: 0 | DI32: 0 | DJ32: 0 | DK32: 0 | DL32: 0 | DM32: 0 | DN32: 0 | DO32: 0 | DP32: 0 | DQ32: 0 | DR32: 0 | DS32: 0 | DT32: 0 | DU32: 0 | DV32: 0 | DW32: 40055 | DX32: 0.048204401 | DY32: 0 | DZ32: 0 | EA32: 0 | EB32: 0 | EC32: 0 | ED32: 0 | EE32: 0 | EF32: 0 | EG32: 0 | EH32: 0 | EI32: 0 | EJ32: 0 | EK32: 0 | EL32: 0 | EM32: 0 | EN32: 0 | EO32: 0 | EP32: 0 | EQ32: 0 | ER32: 0 | ES32: =+$EY32 -> 0 | ET32: =ES32/ES35 -> 0 | EU32: =IF( SUM($EQ32:ES32)<0, "n/a", SUM($EQ32:ES32)/EU$74) -> 0 | EV32: =EU32/EU35 -> 0 | EX32: WPXE | EY32: =IF(ISERROR(VLOOKUP(EX32,IQSH01E!$A$1:$M$400,2,0)),0,VLOOKUP(EX32,IQSH01E!$A$1:$M$400,2,0)) -> 0 | FC32: no
A33: XF | B33: Sample | C33: 0 | D33: 0 | E33: 90.88 | F33: 0.00012041403 | G33: 1323 | H33: 0.0014486828 | I33: 243.35 | J33: 0.00027776063 | K33: 266.45 | L33: 0.00036030964 | M33: 12 | N33: 1.2126386e-05 | O33: 2 | P33: 2.3019087e-06 | Q33: 0 | R33: 0 | S33: 181.92 | T33: 0.00017226002 | U33: 16.13 | V33: 2.5604434e-05 | W33: 0 | X33: 0 | Y33: 184 | Z33: 0.00023984211 | AA33: 0 | AB33: 0 | AC33: 9.23 | AD33: 1.0459526e-05 | AE33: 39.84 | AF33: 3.9338054e-05 | AG33: 167.76 | AH33: 0.00018292928 | AI33: 0 | AJ33: 0 | AK33: 0 | AL33: 0 | AM33: 28 | AN33: 2.6664313e-05 | AO33: 38 | AP33: 5.4087487e-05 | AQ33: 38 | AR33: 5.484354e-05 | AS33: 6.3 | AT33: 1.0258587e-05 | AU33: 0 | AV33: 0 | AW33: 31.14 | AX33: 4.0880431e-05 | AY33: 0 | AZ33: 0 | BA33: 0 | BB33: 0 | BC33: 0 | BD33: 0 | BE33: 0 | BF33: 0 | BG33: 4 | BH33: 3.3700618e-06 | BI33: 0 | BJ33: 0 | BK33: 69 | BL33: 7.6448232e-05 | BM33: 8.63 | BN33: 1.0623325e-05 | BO33: 0 | BP33: 0 | BQ33: 0 | BR33: 0 | BS33: 150.28 | BT33: 0.000267186 | BU33: 0 | BV33: 0 | BW33: 156.81 | BX33: 0.00019388134 | BY33: 0 | BZ33: 0 | CA33: 6.63 | CB33: 9.6247992e-06 | CC33: 237.48 | CD33: 0.0003680742 | CE33: 3.91 | CF33: 7.4846341e-06 | CG33: 0 | CH33: 0 | CI33: 180 | CJ33: 0.00033930643 | CK33: 0 | CL33: 0 | CM33: 52.91 | CN33: 0.00010679522 | CO33: 0 | CP33: 0 | CQ33: 4 | CR33: 8.7942968e-06 | CS33: 4 | CT33: 7.6914606e-06 | CU33: 4.9 | CV33: 1.0991586e-05 | CW33: 53 | CX33: 0.00011049532 | CY33: 10 | CZ33: 1.3260828e-05 | DA33: 5.73 | DB33: 7.0861561e-06 | DC33: 9.91 | DD33: 1.5035851e-05 | DE33: 0 | DF33: 0 | DG33: 0 | DH33: 0 | DI33: 6.88 | DJ33: 1.5030798e-05 | DK33: 8.64 | DL33: 1.7773416e-05 | DM33: 0 | DN33: 0 | DO33: 0 | DP33: 0 | DQ33: 7.86 | DR33: 1.1710946e-05 | DS33: 3.82 | DT33: 1.0187463e-05 | DU33: 23.8 | DV33: 4.9078523e-05 | DW33: 497 | DX33: 0.00059811728 | DY33: 0 | DZ33: 0 | EA33: 100.76 | EB33: 0.00021050081 | EC33: 2.16 | ED33: 5.0232773e-06 | EE33: 0 | EF33: 0 | EG33: 0 | EH33: 0 | EI33: 0 | EJ33: 0 | EK33: 0 | EL33: 0 | EM33: 0 | EN33: 0 | EO33: 10.22 | EP33: 1.2010721e-05 | EQ33: 74 | ER33: 0.00017186287 | ES33: =+$EY33 -> 0 | ET33: =ES33/ES35 -> 0 | EU33: =IF( SUM($EQ33:ES33)<0, "n/a", SUM($EQ33:ES33)/EU$74) -> 37.000086 | EV33: =EU33/EU35 -> 6.7061478e-05 | EX33: WPX F | EY33: =IF(ISERROR(VLOOKUP(EX33,IQSH01E!$A$1:$M$400,2,0)),0,VLOOKUP(EX33,IQSH01E!$A$1:$M$400,2,0)) -> 0 | FC33: 1 space
B34: Reconsignment | C34: 0 | D34: 0 | E34: 0 | F34: 0 | G34: 0 | H34: 0 | I34: 0 | J34: 0 | K34: 0 | L34: 0 | M34: 0 | N34: 0 | O34: 0 | P34: 0 | Q34: 0 | R34: 0 | S34: 0 | T34: 0 | U34: 0 | V34: 0 | W34: 0 | X34: 0 | Y34: 0 | Z34: 0 | AA34: 0 | AB34: 0 | AC34: 0 | AD34: 0 | AE34: 0 | AF34: 0 | AG34: 0 | AH34: 0 | AI34: 0 | AJ34: 0 | AK34: 0 | AL34: 0 | AM34: 0 | AN34: 0 | AO34: 0 | AP34: 0 | AQ34: 0 | AR34: 0 | AS34: 0 | AT34: 0 | AU34: 0 | AV34: 0 | AW34: 0 | AX34: 0 | AY34: 0 | AZ34: 0 | BA34: 0 | BB34: 0 | BC34: 0 | BD34: 0 | BE34: 0 | BF34: 0 | BG34: 0 | BH34: 0 | BI34: 0 | BJ34: 0 | BK34: 0 | BL34: 0 | BM34: 0 | BN34: 0 | BO34: 0 | BP34: 0 | BQ34: 0 | BR34: 0 | BS34: 0 | BT34: 0 | BU34: 0 | BV34: 0 | BW34: 0 | BX34: 0 | BY34: 0 | BZ34: 0 | CA34: 0 | CB34: 0 | CC34: 0 | CD34: 0 | CE34: 0 | CF34: 0 | CG34: 0 | CH34: 0 | CI34: 0 | CJ34: 0 | CK34: 0 | CL34: 0 | CM34: 0 | CN34: 0 | CO34: 0 | CP34: 0 | CQ34: 0 | CR34: 0 | CS34: 0 | CT34: 0 | CU34: 0 | CV34: 0 | CW34: 0 | CX34: 0 | CY34: 0 | CZ34: 0 | DA34: 0 | DB34: 0 | DC34: 0 | DD34: 0 | DE34: 0 | DF34: 0 | DG34: 0 | DH34: 0 | DI34: 0 | DJ34: 0 | DK34: 0 | DL34: 0 | DM34: 0 | DN34: 0 | DO34: 0 | DP34: 0 | DQ34: 0 | DR34: 0 | DS34: 0 | DT34: 0 | DU34: 0 | DV34: 0 | DW34: 0 | DX34: 0 | DY34: 0 | DZ34: 0 | EA34: 0 | EB34: 0 | EC34: 0 | ED34: 0 | EE34: 0 | EF34: 0 | EG34: 0 | EH34: 0 | EI34: 0 | EJ34: 0 | EK34: 0 | EL34: 0 | EM34: 0 | EN34: 0 | EO34: 0 | EP34: 0 | EQ34: 0 | ER34: 0 | ES34: =+$EY34 -> 0 | ET34: =ES34/ES35 -> 0 | EU34: =IF( SUM($EQ34:ES34)<0, "n/a", SUM($EQ34:ES34)/EU$74) -> 0 | EV34: =EU34/EU35 -> 0 | EX34: WPXR | EY34: =IF(ISERROR(VLOOKUP(EX34,IQSH01E!$A$1:$M$400,2,0)),0,VLOOKUP(EX34,IQSH01E!$A$1:$M$400,2,0)) -> 0 | FC34: no
B35: Prepaid Total | C35: 764775.45 | D35: 1 | E35: 754729.32 | F35: 1 | G35: 913243.39 | H35: 1 | I35: 876114.08 | J35: 1 | K35: 739502.83 | L35: 1 | M35: 989577.63 | N35: 1 | O35: 868844.2 | P35: 1 | Q35: 785630.29 | R35: 1 | S35: 1056077.9 | T35: 1 | U35: 629969.02 | V35: 1 | W35: 675409.65 | X35: 1 | Y35: 767171.38 | Z35: 1 | AA35: 910165.78 | AB35: 1 | AC35: 882449.2 | AD35: 1 | AE35: 1012759.8 | AF35: 1 | AG35: 917075.71 | AH35: 1 | AI35: 815506.82 | AJ35: 1 | AK35: 845880.85 | AL35: 1 | AM35: 1050092.7 | AN35: 1 | AO35: 702565.46 | AP35: 1 | AQ35: 692880.15 | AR35: 1 | AS35: 614119.68 | AT35: 1 | AU35: 666345 | AV35: 1 | AW35: 761733.66 | AX35: 1 | AY35: 823037.95 | AZ35: 1 | BA35: 980791.35 | BB35: 1 | BC35: 1202127.4 | BD35: 1 | BE35: 1097320.6 | BF35: 1 | BG35: 1186921.9 | BH35: 1 | BI35: 1107691.8 | BJ35: 1 | BK35: 902571.56 | BL35: 1 | BM35: 812363.38 | BN35: 1 | BO35: 848416.39 | BP35: 1 | BQ35: 1008374.1 | BR35: 1 | BS35: 562454.62 | BT35: 1 | BU35: 849673.22 | BV35: 1 | BW35: 808793.67 | BX35: 1 | BY35: 618013.02 | BZ35: 1 | CA35: 688845.54 | CB35: 1 | CC35: 645195.99 | CD35: 1 | CE35: 522403.63 | CF35: 1 | CG35: 781311.68 | CH35: 1 | CI35: 530493.92 | CJ35: 1 | CK35: 723092.71 | CL35: 1 | CM35: 495434.15 | CN35: 1 | CO35: 649160.71 | CP35: 1 | CQ35: 454840.23 | CR35: 1 | CS35: 520057.27 | CT35: 1 | CU35: 445795.52 | CV35: 1 | CW35: 479658.33 | CX35: 1 | CY35: 754100.72 | CZ35: 1 | DA35: 808618.93 | DB35: 1 | DC35: 659091.41 | DD35: 1 | DE35: 536055.38 | DF35: 1 | DG35: 690281.87 | DH35: 1 | DI35: 457726.86 | DJ35: 1 | DK35: 486119.27 | DL35: 1 | DM35: 621421.32 | DN35: 1 | DO35: 519822.95 | DP35: 1 | DQ35: 671166.95 | DR35: 1 | DS35: 374970.68 | DT35: 1 | DU35: 484937.17 | DV35: 1 | DW35: 830940.72 | DX35: 1 | DY35: 696908.77 | DZ35: 1 | EA35: 478667.99 | EB35: 1 | EC35: 429998.16 | ED35: 1 | EE35: 581252.71 | EF35: 1 | EG35: 529176.22 | EH35: 1 | EI35: 568344.77 | EJ35: 1 | EK35: 921689.07 | EL35: 1 | EM35: 673858.51 | EN35: 1 | EO35: 850906.47 | EP35: 1 | EQ35: 430575.85 | ER35: 1 | ES35: =SUM(ES28:ES34) -> 672890.81 | ET35: =ES35/ES35 -> 1 | EU35: =IF( SUM($EQ35:ES35)<0, "n/a", SUM($EQ35:ES35)/EU$74) -> 551733.83 | EV35: =EU35/EU35 -> 1 | EX35: <--sub-total | EY35: =IF(ISERROR(VLOOKUP(EX35,IQSH01E!$A$1:$M$400,2,0)),0,VLOOKUP(EX35,IQSH01E!$A$1:$M$400,2,0)) -> 0
B36: CPU (Lolita) | C36: 167113.16 | E36: 102710 | G36: 32595 | I36: 126452 | K36: 145490 | M36: 52484 | O36: 102244 | Q36: 102726 | S36: 57617 | U36: 145710.34 | W36: 80474 | Y36: 132074 | AA36: 102807 | AC36: 181196 | AE36: 48860 | AG36: 134580 | AI36: 209377 | AK36: 167686.39 | AM36: 81141 | AO36: 20094 | AQ36: 78096 | AS36: 66296 | AU36: 112874 | AW36: 26481 | AY36: 145129 | BA36: 34049.44 | BC36: 154162 | BE36: 106645 | BG36: 76453 | BI36: 186520 | BK36: 211758 | BM36: 82676 | BO36: 207871 | BQ36: 106434 | BS36: 81819 | BU36: 10595 | BW36: 35461 | BY36: 149969.07 | CA36: 99878 | CC36: 156199 | CE36: 78044.65 | CG36: 72186 | CI36: 87387 | CK36: 84638 | CM36: 82753 | CO36: 84660 | CQ36: 53700 | CS36: 39701 | CU36: 60219 | CW36: 51569 | CY36: 86452 | DA36: 112276 | DC36: 12068 | DE36: 188965 | DG36: 78702 | DI36: 79167 | DK36: 54038 | DM36: 80142 | DO36: 19179 | DQ36: 68519 | DS36: 101464 | DU36: 39555 | DW36: 54245 | DY36: 45417 | EA36: 23559 | EC36: 5620 | EE36: 119547 | EG36: 9016 | EI36: 64429 | EK36: 45099 | EM36: 63388 | EO36: 5530 | EQ36: 134996 | ES36: =+$EY36 -> 0 | EU36: =IF( SUM($EQ36:ES36)<0, "n/a", SUM($EQ36:ES36)/EU$74) -> 67498 | EX36: WPX C | EY36: =IF(ISERROR(VLOOKUP(EX36,IQSH01E!$A$1:$M$400,2,0)),0,VLOOKUP(EX36,IQSH01E!$A$1:$M$400,2,0)) -> 0 | FC36: 1 space
B37: Wharehouse | C37: 0 | E37: 0 | G37: 0 | I37: 0 | K37: 0 | M37: 0 | O37: 0 | Q37: 0 | S37: 0 | U37: 0 | W37: 0 | Y37: 0 | AA37: 0 | AC37: 0 | AE37: 0 | AG37: 0 | AI37: 0 | AK37: 0 | AM37: 0 | AO37: 0 | AQ37: 0 | AS37: 0 | AU37: 0 | AW37: 0 | AY37: 0 | BA37: 0 | BC37: 0 | BE37: 0 | BG37: 0 | BI37: 0 | BK37: 0 | BM37: 0 | BO37: 0 | BQ37: 0 | BS37: 0 | BU37: 0 | BW37: 0 | BY37: 0 | CA37: 0 | CC37: 0 | CE37: 0 | CG37: 0 | CI37: 0 | CK37: 0 | CM37: 0 | CO37: 0 | CQ37: 0 | CS37: 0 | CU37: 0 | CW37: 0 | CY37: 0 | DA37: 0 | DC37: 0 | DE37: 0 | DG37: 0 | DI37: 0 | DK37: 0 | DM37: 0 | DO37: 0 | DQ37: 0 | DS37: 0 | DU37: 0 | DW37: 0 | DY37: 0 | EA37: 0 | EC37: 0 | EE37: 0 | EG37: 0 | EI37: 0 | EK37: 0 | EM37: 0 | EO37: 0 | EQ37: 0 | ES37: =+$EY37 -> 0 | EU37: =IF( SUM($EQ37:ES37)<0, "n/a", SUM($EQ37:ES37)/EU$74) -> 0 | EX37: WPX OS | EY37: =IF(ISERROR(VLOOKUP(EX37,IQSH01E!$A$1:$M$400,2,0)),0,VLOOKUP(EX37,IQSH01E!$A$1:$M$400,2,0)) -> 0 | FC37: 2 spaces
B38: Grand Total | C38: 931888.61 | E38: 857439.32 | G38: 945838.39 | I38: 1002566.1 | K38: 884992.83 | M38: 1042061.6 | O38: 971088.2 | Q38: 888356.29 | S38: 1113694.9 | U38: 775679.36 | W38: 755883.65 | Y38: 899245.38 | AA38: 1012972.8 | AC38: 1063645.2 | AE38: 1061619.8 | AG38: 1051655.7 | AI38: 1024883.8 | AK38: 1013567.2 | AM38: 1131233.7 | AO38: 722659.46 | AQ38: 770976.15 | AS38: 680415.68 | AU38: 779219 | AW38: 788214.66 | AY38: 968166.95 | BA38: 1014840.8 | BC38: 1356289.4 | BE38: 1203965.6 | BG38: 1263374.9 | BI38: 1294211.8 | BK38: 1114329.6 | BM38: 895039.38 | BO38: 1056287.4 | BQ38: 1114808.1 | BS38: 644273.62 | BU38: 860268.22 | BW38: 844254.67 | BY38: 767982.09 | CA38: 788723.54 | CC38: 801394.99 | CE38: 600448.28 | CG38: 853497.68 | CI38: 617880.92 | CK38: 807730.71 | CM38: 578187.15 | CO38: 733820.71 | CQ38: 508540.23 | CS38: 559758.27 | CU38: 506014.52 | CW38: 531227.33 | CY38: 840552.72 | DA38: 920894.93 | DC38: 671159.41 | DE38: 725020.38 | DG38: 768983.87 | DI38: 536893.86 | DK38: 540157.27 | DM38: 701563.32 | DO38: 539001.95 | DQ38: 739685.95 | DS38: 476434.68 | DU38: 524492.17 | DW38: 885185.72 | DY38: 742325.77 | EA38: 502226.99 | EC38: 435618.16 | EE38: 700799.71 | EG38: 538192.22 | EI38: 632773.77 | EK38: 966788.07 | EM38: 737246.51 | EO38: 856436.47 | EQ38: 565571.85 | ES38: =SUM(ES35:ES37) -> 672890.81 | EU38: =IF( SUM($EQ38:ES38)<0, "n/a", SUM($EQ38:ES38)/EU$74) -> 619231.33 | EX38: WPX T | EY38: =IF(ISERROR(VLOOKUP(EX38,IQSH01E!$A$1:$M$400,2,0)),0,VLOOKUP(EX38,IQSH01E!$A$1:$M$400,2,0)) -> 672890.81 | FC38: 1 space
B39: Intermodal | C39: 87076.66 | D39: 0.0094981066 | E39: 189829.15 | F39: 0.017265938 | G39: 28050 | H39: 0.0023809146 | I39: 0 | J39: 0 | K39: 93887.97 | L39: 0.0083480901 | M39: 0 | N39: 0 | O39: 0 | P39: 0 | Q39: 64113.55 | R39: 0.0058548867 | S39: 31579.54 | T39: 0.0030979172 | U39: 53217.95 | V39: 0.0056093225 | W39: 26882.25 | X39: 0.0032673575 | Y39: 28050.06 | Z39: 0.0030921913 | AA39: 25846 | AB39: 0.002719063 | AC39: 56100.05 | AD39: 0.0055782535 | AE39: 57405.34 | AF39: 0.0049665297 | AG39: 0 | AH39: 0 | AI39: 28204.04 | AJ39: 0.0036065271 | AK39: 57869.94 | AL39: 0.0055401028 | AM39: 56100.07 | AN39: 0.0060639211 | AO39: 57216.48 | AP39: 0.0052402576 | AQ39: 0 | AR39: 0 | AS39: 51287.74 | AT39: 0.0050482743 | AU39: 0 | AV39: 0 | AW39: 0 | AX39: 0 | AY39: 0 | AZ39: 0 | BA39: 0 | BB39: 0 | BC39: 0 | BD39: 0 | BE39: 0 | BF39: 0 | BG39: 0 | BH39: 0 | BI39: 0 | BJ39: 0 | BK39: 0 | BL39: 0 | BM39: 0 | BN39: 0 | BO39: 28708.8 | BP39: 0.0039788992 | BQ39: 0 | BR39: 0 | BS39: 0 | BT39: 0 | BU39: 0 | BV39: 0 | BW39: 0 | BX39: 0 | BY39: 0 | BZ39: 0 | CA39: 0 | CB39: 0 | CC39: 0 | CD39: 0 | CE39: 0 | CF39: 0 | CG39: 0 | CH39: 0 | CI39: 0 | CJ39: 0 | CK39: 0 | CL39: 0 | CM39: 0 | CN39: 0 | CO39: 0 | CP39: 0 | CQ39: 0 | CR39: 0 | CS39: 0 | CT39: 0 | CU39: 0 | CV39: 0 | CW39: 0 | CX39: 0 | CY39: 0 | CZ39: 0 | DA39: 0 | DB39: 0 | DC39: 0 | DD39: 0 | DE39: 0 | DF39: 0 | DG39: 0 | DH39: 0 | DI39: 0 | DJ39: 0 | DK39: 0 | DL39: 0 | DM39: 0 | DN39: 0 | DO39: 0 | DP39: 0 | DQ39: 0 | DR39: 0 | DS39: 0 | DT39: 0 | DU39: 0 | DV39: 0 | DW39: 0 | DX39: 0 | DY39: 0 | DZ39: 0 | EA39: 0 | EB39: 0 | EC39: 0 | ED39: 0 | EE39: 0 | EF39: 0 | EG39: 0 | EH39: 0 | EI39: 0 | EJ39: 0 | EK39: 0 | EL39: 0 | EM39: 0 | EN39: 0 | EO39: 0 | EP39: 0 | EQ39: 0 | ER39: 0 | ES39: =ES6+ES17+ES28 -> 0 | ET39: =ES39/ES46 -> 0 | EU39: =IF( SUM($EQ39:ES39)<0, "n/a", SUM($EQ39:ES39)/EU$74) -> 0 | EV39: =EU39/EU46 -> 0
B40: FTL | C40: 5502216.4 | D40: 0.60016815 | E40: 5597568.9 | F40: 0.50912771 | G40: 7920554.8 | H40: 0.67230532 | I40: 10099418 | J40: 0.79424651 | K40: 9336228.9 | L40: 0.83013489 | M40: 9263573.8 | N40: 0.9253816 | O40: 8617745.1 | P40: 0.8789167 | Q40: 8791687.6 | R40: 0.80286203 | S40: 9134438.1 | T40: 0.89607806 | U40: 8589716.6 | V40: 0.90538043 | W40: 6836822.8 | X40: 0.83097004 | Y40: 7535460 | Z40: 0.83069639 | AA40: 8066151.2 | AB40: 0.84857901 | AC40: 8937601.7 | AD40: 0.88870166 | AE40: 10793796 | AF40: 0.93384529 | AG40: 9206304.3 | AH40: 0.94634084 | AI40: 6473683.2 | AJ40: 0.82780743 | AK40: 8373506.7 | AL40: 0.80162668 | AM40: 6353336 | AN40: 0.68673939 | AO40: 7918349.3 | AP40: 0.72521396 | AQ40: 9178833.1 | AR40: 0.66213388 | AS40: 7072810.1 | AT40: 0.69617974 | AU40: 6282553 | AV40: 0.7142084 | AW40: 5351438 | AX40: 0.69519938 | AY40: 7569035 | AZ40: 0.67387062 | BA40: 8231944.1 | BB40: 0.69790864 | BC40: 10739860 | BD40: 0.70802203 | BE40: 10110991 | BF40: 0.85439482 | BG40: 10822329 | BH40: 0.7462751 | BI40: 9810762.9 | BJ40: 0.73166303 | BK40: 7887233.6 | BL40: 0.80231046 | BM40: 5336844.8 | BN40: 0.71520167 | BO40: 5021456.7 | BP40: 0.69594933 | BQ40: 6132402.6 | BR40: 0.77557064 | BS40: 5485127.3 | BT40: 0.78647305 | BU40: 4879438.3 | BV40: 0.77068993 | BW40: 6550964.8 | BX40: 0.70381303 | BY40: 7491274.9 | BZ40: 0.75736133 | CA40: 9922257.9 | CB40: 0.93614567 | CC40: 8395154.9 | CD40: 0.96074126 | CE40: 8994621.3 | CF40: 0.86108886 | CG40: 8625856.1 | CH40: 0.82606214 | CI40: 7474926.3 | CJ40: 0.89482331 | CK40: 5688504 | CL40: 0.87080298 | CM40: 4483427.1 | CN40: 0.74002145 | CO40: 7223322.5 | CP40: 0.9161702 | CQ40: 6697457 | CR40: 0.87353385 | CS40: 5213972.2 | CT40: 0.73211011 | CU40: 10280767 | CV40: 0.86878897 | CW40: 9692746.3 | CX40: 0.85592002 | CY40: 9911014.3 | CZ40: 0.93805745 | DA40: 11901174 | DB40: 0.98200684 | DC40: 10773936 | DD40: 0.98084339 | DE40: 9366699.7 | DF40: 0.98542099 | DG40: 8674537.3 | DH40: 0.92323509 | DI40: 8473589.1 | DJ40: 0.9156791 | DK40: 5958012.6 | DL40: 0.90477259 | DM40: 8839047.4 | DN40: 0.96750694 | DO40: 5146204.4 | DP40: 0.92537702 | DQ40: 6276653.1 | DR40: 0.9041104 | DS40: 8541911.4 | DT40: 0.91771403 | DU40: 8394266.7 | DV40: 0.88828059 | DW40: 8675969.5 | DX40: 0.92763184 | DY40: 9364247.8 | DZ40: 0.92691771 | EA40: 8726474.1 | EB40: 0.97994703 | EC40: 6791631.7 | ED40: 0.98425299 | EE40: 8147492.4 | EF40: 0.98437225 | EG40: 7036309 | EH40: 0.97601065 | EI40: 6077154.2 | EJ40: 0.98365001 | EK40: 5602499.6 | EL40: 0.97979381 | EM40: 5567132.4 | EN40: 0.97784864 | EO40: 7920050.4 | EP40: 0.98556755 | EQ40: 10462813 | ER40: 0.98723655 | ES40: =ES7+ES18+ES29 -> 9510415.9 | ET40: =ES40/ES46 -> 0.98718422 | EU40: =IF( SUM($EQ40:ES40)<0, "n/a", SUM($EQ40:ES40)/EU$74) -> 9986614.7 | EV40: =EU40/EU46 -> 0.98721164
B41: Railcar | C41: 3072776.7 | D41: 0.33517088 | E41: 4763468 | F41: 0.43326194 | G41: 3289007 | H41: 0.2791745 | I41: 1971227.7 | J41: 0.15502287 | K41: 1168466.3 | L41: 0.10389469 | M41: 180714.25 | N41: 0.01805239 | O41: 542771.38 | P41: 0.055356805 | Q41: 1418962.8 | R41: 0.12958051 | S41: 364399.88 | T41: 0.035747217 | U41: 180714.33 | V41: 0.019047802 | W41: 770961.5 | X41: 0.093705209 | Y41: 1008100.8 | Z41: 0.11113133 | AA41: 853340.67 | AB41: 0.089773544 | AC41: 750935.6 | AD41: 0.074668545 | AE41: 180714.24 | AF41: 0.015634829 | AG41: 0 | AH41: 0 | AI41: 916980.68 | AJ41: 0.11725681 | AK41: 1507449 | AL41: 0.14431366 | AM41: 2332349.1 | AN41: 0.2521063 | AO41: 2539591.6 | AP41: 0.23259233 | AQ41: 4263810.4 | AR41: 0.30757867 | AS41: 2616119.8 | AT41: 0.2575058 | AU41: 2171947.4 | AV41: 0.24690966 | AW41: 2055005.6 | AX41: 0.2669635 | AY41: 3323541.7 | AZ41: 0.29589467 | BA41: 3242844.8 | BB41: 0.27493012 | BC41: 3981013.4 | BD41: 0.2624471 | BE41: 1335226.2 | BF41: 0.11282874 | BG41: 3269334.2 | BH41: 0.2254434 | BI41: 3212381.8 | BJ41: 0.23957169 | BK41: 1611277.1 | BL41: 0.1639034 | BM41: 1816859.3 | BN41: 0.24348109 | BO41: 1895834.3 | BP41: 0.26275335 | BQ41: 1566979.5 | BR41: 0.19817735 | BS41: 1306603.7 | BT41: 0.18734453 | BU41: 1234833.1 | BV41: 0.1950375 | BW41: 2464475.1 | BX41: 0.26477469 | BY41: 2125322.9 | BZ41: 0.21486828 | CA41: 405071.15 | CB41: 0.038217672 | CC41: 135694.15 | CD41: 0.015528834 | CE41: 1172968.3 | CF41: 0.11229266 | CG41: 1563906.1 | CH41: 0.14976874 | CI41: 710692.68 | CJ41: 0.085077009 | CK41: 599464.89 | CL41: 0.091766802 | CM41: 1415125.6 | CN41: 0.23357652 | CO41: 473909.82 | CP41: 0.060108358 | CQ41: 835155.51 | CR41: 0.1089274 | CS41: 1807635.7 | CT41: 0.25381577 | CU41: 1328608 | CV41: 0.11227566 | CW41: 1418875.7 | CX41: 0.12529412 | CY41: 497783.63 | CZ41: 0.047114213 | DA41: 0 | DB41: 0 | DC41: 0 | DD41: 0 | DE41: 0 | DF41: 0 | DG41: 537378.12 | DH41: 0.057193407 | DI41: 539002.13 | DJ41: 0.058246037 | DK41: 449239.26 | DL41: 0.06822063 | DM41: 134179.21 | DN41: 0.014687026 | DO41: 267373.53 | DP41: 0.048078409 | DQ41: 535021.9 | DR41: 0.07706637 | DS41: 584322.05 | DT41: 0.062777582 | DU41: 893860.77 | DV41: 0.09458827 | DW41: 447575.26 | DX41: 0.047854602 | DY41: 537479.69 | DZ41: 0.053202292 | EA41: 0 | EB41: 0 | EC41: 0 | ED41: 0 | EE41: 0 | EF41: 0 | EG41: 0 | EH41: 0 | EI41: 0 | EJ41: 0 | EK41: 0 | EL41: 0 | EM41: 0 | EN41: 0 | EO41: 0 | EP41: 0 | EQ41: 0 | ER41: 0 | ES41: =ES8+ES19+ES30 -> 0 | ET41: =ES41/ES46 -> 0 | EU41: =IF( SUM($EQ41:ES41)<0, "n/a", SUM($EQ41:ES41)/EU$74) -> 0 | EV41: =EU41/EU46 -> 0
B42: LTL | C42: 505692.93 | D42: 0.055159733 | E42: 443472.98 | F42: 0.040336151 | G42: 542252.33 | H42: 0.046026968 | I42: 605185.04 | J42: 0.047593448 | K42: 642585.29 | L42: 0.057135753 | M42: 563862.22 | N42: 0.056326828 | O42: 644443.82 | P42: 0.065726293 | Q42: 672534.97 | R42: 0.061416285 | S42: 662163.6 | T42: 0.064957501 | U42: 654475.61 | V42: 0.068983581 | W42: 552182.27 | X42: 0.067114058 | Y42: 499438 | Z42: 0.055057202 | AA42: 560120.36 | AB42: 0.058926044 | AC42: 312273.62 | AD42: 0.031050621 | AE42: 525786.88 | AF42: 0.04548943 | AG42: 521845.57 | AH42: 0.053641913 | AI42: 383877.58 | AJ42: 0.049087468 | AK42: 500296.1 | AL42: 0.047895191 | AM42: 508604.87 | AN42: 0.054975685 | AO42: 365621.64 | AP42: 0.033486009 | AQ42: 389024.76 | AR42: 0.028063096 | AS42: 416891.82 | AT42: 0.041034841 | AU42: 342025.95 | AV42: 0.038881933 | AW42: 278371.49 | AX42: 0.036162932 | AY42: 339513.71 | AZ42: 0.03022688 | BA42: 320371.17 | BB42: 0.02716124 | BC42: 443273.47 | BD42: 0.02922267 | BE42: 387879.58 | BF42: 0.032776441 | BG42: 408316.54 | BH42: 0.028156274 | BI42: 343131.35 | BJ42: 0.025589908 | BK42: 332069.18 | BL42: 0.033778963 | BM42: 308301.17 | BN42: 0.041316081 | BO42: 269245.17 | BP42: 0.037316063 | BQ42: 206590.52 | BR42: 0.026127695 | BS42: 182258.19 | BT42: 0.026132694 | BU42: 179552.54 | BV42: 0.028359685 | BW42: 291830.2 | BX42: 0.031353229 | BY42: 267794.81 | BZ42: 0.027073821 | CA42: 271384.94 | CB42: 0.025604639 | CC42: 207119.33 | CD42: 0.02370273 | CE42: 278015.45 | CF42: 0.026615463 | CG42: 252377.3 | CH42: 0.024169118 | CI42: 167723.13 | CJ42: 0.020078133 | CK42: 196272.57 | CL42: 0.030045639 | CM42: 159851.28 | CN42: 0.026384587 | CO42: 147567.24 | CP42: 0.018716693 | CQ42: 134017.79 | CR42: 0.017479631 | CS42: 99133.44 | CT42: 0.013919636 | CU42: 223996.79 | CV42: 0.018929126 | CW42: 212646.75 | CX42: 0.018777816 | CY42: 156521.45 | CZ42: 0.014814438 | DA42: 177884.05 | DB42: 0.014677826 | DC42: 209080.3 | DD42: 0.019034365 | DE42: 138548.82 | DF42: 0.014575989 | DG42: 183853.95 | DH42: 0.019567663 | DI42: 173443.32 | DJ42: 0.018742757 | DK42: 177768.33 | DL42: 0.026995565 | DM42: 134216.63 | DN42: 0.014691122 | DO42: 147613.85 | DP42: 0.026543537 | DQ42: 123552.1 | DR42: 0.017796864 | DS42: 181432.28 | DT42: 0.01949247 | DU42: 157758.1 | DV42: 0.016693949 | DW42: 188683.95 | DX42: 0.020174027 | DY42: 170278.01 | DZ42: 0.016854926 | EA42: 176445.74 | EB42: 0.019814128 | EC42: 108463.89 | ED42: 0.015718742 | EE42: 129082.66 | EF42: 0.015595644 | EG42: 172892.28 | EH42: 0.023981992 | EI42: 99617.87 | EJ42: 0.016124178 | EK42: 114186.78 | EL42: 0.019969569 | EM42: 118547.91 | EN42: 0.020822553 | EO42: 112312.72 | EP42: 0.013976145 | EQ42: 132845.3 | ER42: 0.012534845 | ES42: =ES9+ES20+ES31 -> 123465.68 | ET42: =ES42/ES46 -> 0.012815777 | EU42: =IF( SUM($EQ42:ES42)<0, "n/a", SUM($EQ42:ES42)/EU$74) -> 128155.5 | EV42: =EU42/EU46 -> 0.012668617
B43: Export | C43: 0 | D43: 0 | E43: 0 | F43: 0 | G43: 0 | H43: 0 | I43: 39401 | J43: 0.0030986051 | K43: 0 | L43: 0 | M43: 0 | N43: 0 | O43: 0 | P43: 0 | Q43: 0 | R43: 0 | S43: 0 | T43: 0 | U43: 0 | V43: 0 | W43: 40499 | X43: 0.0049223823 | Y43: 0 | Z43: 0 | AA43: 0 | AB43: 0 | AC43: 0 | AD43: 0 | AE43: 0 | AF43: 0 | AG43: 0 | AH43: 0 | AI43: 0 | AJ43: 0 | AK43: 0 | AL43: 0 | AM43: 0 | AN43: 0 | AO43: 37814 | AP43: 0.0034632522 | AQ43: 0 | AR43: 0 | AS43: 0 | AT43: 0 | AU43: 0 | AV43: 0 | AW43: 0 | AX43: 0 | AY43: 0 | AZ43: 0 | BA43: 0 | BB43: 0 | BC43: 0 | BD43: 0 | BE43: 0 | BF43: 0 | BG43: 0 | BH43: 0 | BI43: 40055 | BJ43: 0.0029872053 | BK43: 0 | BL43: 0 | BM43: 0 | BN43: 0 | BO43: 0 | BP43: 0 | BQ43: 0 | BR43: 0 | BS43: 0 | BT43: 0 | BU43: 37436 | BV43: 0.005912883 | BW43: 0 | BX43: 0 | BY43: 0 | BZ43: 0 | CA43: 0 | CB43: 0 | CC43: 0 | CD43: 0 | CE43: 0 | CF43: 0 | CG43: 0 | CH43: 0 | CI43: 0 | CJ43: 0 | CK43: 0 | CL43: 0 | CM43: 0 | CN43: 0 | CO43: 38087 | CP43: 0.0048307651 | CQ43: 0 | CR43: 0 | CS43: 0 | CT43: 0 | CU43: 0 | CV43: 0 | CW43: 0 | CX43: 0 | CY43: 0 | CZ43: 0 | DA43: 40110 | DB43: 0.0033096142 | DC43: 0 | DD43: 0 | DE43: 0 | DF43: 0 | DG43: 0 | DH43: 0 | DI43: 0 | DJ43: 0 | DK43: 0 | DL43: 0 | DM43: 0 | DN43: 0 | DO43: 0 | DP43: 0 | DQ43: 0 | DR43: 0 | DS43: 0 | DT43: 0 | DU43: 0 | DV43: 0 | DW43: 40055 | DX43: 0.0042826676 | DY43: 0 | DZ43: 0 | EA43: 0 | EB43: 0 | EC43: 0 | ED43: 0 | EE43: 0 | EF43: 0 | EG43: 0 | EH43: 0 | EI43: 0 | EJ43: 0 | EK43: 0 | EL43: 0 | EM43: 0 | EN43: 0 | EO43: 0 | EP43: 0 | EQ43: 0 | ER43: 0 | ES43: =ES10+ES21+ES32 -> 0 | ET43: =ES43/ES46 -> 0 | EU43: =IF( SUM($EQ43:ES43)<0, "n/a", SUM($EQ43:ES43)/EU$74) -> 0 | EV43: =EU43/EU46 -> 0
A44: TOTAL | B44: Sample | C44: 28.71 | D44: 3.1316158e-06 | E44: 90.88 | F44: 8.2660039e-06 | G44: 1323 | H44: 0.00011229768 | I44: 490.42 | J44: 3.8568004e-05 | K44: 280.29 | L44: 2.4922108e-05 | M44: 2394.34 | N44: 0.00023918179 | O44: 2 | P44: 2.0397835e-07 | Q44: 0 | R44: 0 | S44: 181.92 | T44: 1.7846147e-05 | U44: 8593.93 | V44: 0.00090582453 | W44: 172.4 | X44: 2.0954066e-05 | Y44: 207.6 | Z44: 2.2885474e-05 | AA44: 22.28 | AB44: 2.343911e-06 | AC44: 9.23 | AD44: 9.17776e-07 | AE44: 216.33 | AF44: 1.8716192e-05 | AG44: 167.76 | AH44: 1.7244503e-05 | AI44: 0 | AJ44: 0 | AK44: 43 | AL44: 4.1165486e-06 | AM44: 1061.19 | AN44: 0.00011470525 | AO44: 45.8 | AP44: 4.1946621e-06 | AQ44: 72.48 | AR44: 5.2284929e-06 | AS44: 2350.36 | AT44: 0.00023134695 | AU44: 0 | AV44: 0 | AW44: 31.14 | AX44: 4.0453629e-06 | AY44: 88 | AZ44: 7.8346334e-06 | BA44: 0 | BB44: 0 | BC44: 0 | BD44: 0 | BE44: 0 | BF44: 0 | BG44: 49.84 | BH44: 3.4368157e-06 | BI44: 129.1 | BJ44: 9.6279666e-06 | BK44: 70.5 | BL44: 7.1714482e-06 | BM44: 8.63 | BN44: 1.1565242e-06 | BO44: 16.99 | BP44: 2.3547309e-06 | BQ44: 982.93 | BR44: 0.00012431207 | BS44: 346.77 | BT44: 4.9720862e-05 | BU44: 0 | BV44: 0 | BW44: 252.66 | BX44: 2.7144918e-05 | BY44: 6889.99 | BZ44: 0.00069657195 | CA44: 339.4 | CB44: 3.2021727e-05 | CC44: 237.48 | CD44: 2.7177204e-05 | CE44: 31.46 | CF44: 3.0117839e-06 | CG44: 0 | CH44: 0 | CI44: 180 | CJ44: 2.1547797e-05 | CK44: 43278.58 | CL44: 0.0066251367 | CM44: 105.71 | CN44: 1.7448185e-05 | CO44: 1371.73 | CP44: 0.00017398339 | CQ44: 453.2 | CR44: 5.9109829e-05 | CS44: 1100.24 | CT44: 0.00015448813 | CU44: 73.87 | CV44: 6.2424757e-06 | CW44: 91.11 | CX44: 8.0454879e-06 | CY44: 146.86 | CZ44: 1.3900002e-05 | DA44: 69.28 | DB44: 5.7165314e-06 | DC44: 162.32 | DD44: 1.4777376e-05 | DE44: 28.7 | DF44: 3.0193754e-06 | DG44: 36.1 | DH44: 3.84214e-06 | DI44: 51487.97 | DJ44: 0.0055639302 | DK44: 73.84 | DL44: 1.1213204e-05 | DM44: 98.25 | DN44: 1.0754276e-05 | DO44: 5.73 | DP44: 1.0303536e-06 | DQ44: 112.82 | DR44: 1.6250976e-05 | DS44: 148.13 | DT44: 1.5914586e-05 | DU44: 177.76 | DV44: 1.8810548e-05 | DW44: 531.84 | DX44: 5.686416e-05 | DY44: 30110.02 | DZ44: 0.0029804327 | EA44: 773.87 | EB44: 8.6902407e-05 | EC44: 195.03 | ED44: 2.8264027e-05 | EE44: 265.76 | EF44: 3.2108869e-05 | EG44: 53.05 | EH44: 7.3585973e-06 | EI44: 1395.09 | EJ44: 0.00022580969 | EK44: 0 | EL44: 0 | EM44: 7565.25 | EN44: 0.0013288115 | EO44: 10.22 | EP44: 1.2717723e-06 | EQ44: 697.73 | ER44: 6.5835506e-05 | ES44: =ES11+ES22+ES33 -> 0 | ET44: =ES44/ES46 -> 0 | EU44: =IF( SUM($EQ44:ES44)<0, "n/a", SUM($EQ44:ES44)/EU$74) -> 348.86503 | EV44: =EU44/EU46 -> 3.4486523e-05
B45: Reconsignment | C45: 0 | D45: 0 | E45: 0 | F45: 0 | G45: 0 | H45: 0 | I45: 0 | J45: 0 | K45: 5191.98 | L45: 0.00046164718 | M45: 0 | N45: 0 | O45: 0 | P45: 0 | Q45: 3135.01 | R45: 0.00028629094 | S45: 1034.2 | T45: 0.00010145385 | U45: 693 | V45: 7.3044161e-05 | W45: 0 | X45: 0 | Y45: 0 | Z45: 0 | AA45: 0 | AB45: 0 | AC45: 0 | AD45: 0 | AE45: 522.49 | AF45: 4.5204194e-05 | AG45: 0 | AH45: 0 | AI45: 17531.28 | AJ45: 0.0022417723 | AK45: 6478.98 | AL45: 0.00062025665 | AM45: 0 | AN45: 0 | AO45: 0 | AP45: 0 | AQ45: 30762.64 | AR45: 0.0022191259 | AS45: 0 | AT45: 0 | AU45: 0 | AV45: 0 | AW45: 12856.26 | AX45: 0.0016701425 | AY45: 0 | AZ45: 0 | BA45: 0 | BB45: 0 | BC45: 4675.01 | BD45: 0.00030819862 | BE45: 0 | BF45: 0 | BG45: 1766.12 | BH45: 0.0001217863 | BI45: 2394.02 | BJ45: 0.00017854024 | BK45: 0 | BL45: 0 | BM45: 0 | BN45: 0 | BO45: 0 | BP45: 0 | BQ45: 0 | BR45: 0 | BS45: 0 | BT45: 0 | BU45: 0 | BV45: 0 | BW45: 297 | BX45: 3.1908654e-05 | BY45: 0 | BZ45: 0 | CA45: 0 | CB45: 0 | CC45: 0 | CD45: 0 | CE45: 0 | CF45: 0 | CG45: 0 | CH45: 0 | CI45: 0 | CJ45: 0 | CK45: 4961.01 | CL45: 0.00075943734 | CM45: 0 | CN45: 0 | CO45: 0 | CP45: 0 | CQ45: 0 | CR45: 0 | CS45: 0 | CT45: 0 | CU45: 0 | CV45: 0 | CW45: 0 | CX45: 0 | CY45: 0 | CZ45: 0 | DA45: 0 | DB45: 0 | DC45: 1180.5 | DD45: 0.00010747099 | DE45: 0 | DF45: 0 | DG45: 0 | DH45: 0 | DI45: 16362.49 | DJ45: 0.0017681752 | DK45: 0 | DL45: 0 | DM45: 28359.32 | DN45: 0.0031041624 | DO45: 0 | DP45: 0 | DQ45: 7012.56 | DR45: 0.0010101129 | DS45: 0 | DT45: 0 | DU45: 3953.71 | DV45: 0.00041838125 | DW45: 0 | DX45: 0 | DY45: 451 | DZ45: 4.4642121e-05 | EA45: 1353 | EB45: 0.00015193632 | EC45: 0 | ED45: 0 | EE45: 0 | EF45: 0 | EG45: 0 | EH45: 0 | EI45: 0 | EJ45: 0 | EK45: 1353.01 | EL45: 0.00023662131 | EM45: 0 | EN45: 0 | EO45: 3656.7 | EP45: 0.00045503812 | EQ45: 1725 | ER45: 0.00016276532 | ES45: =ES12+ES23+ES34 -> 0 | ET45: =ES45/ES46 -> 0 | EU45: =IF( SUM($EQ45:ES45)<0, "n/a", SUM($EQ45:ES45)/EU$74) -> 862.50008 | EV45: =EU45/EU46 -> 8.5261136e-05
B46: Prepaid Total | C46: 9167791.4 | D46: 1 | E46: 10994430 | F46: 1 | G46: 11781187 | H46: 1 | I46: 12715722 | J46: 1 | K46: 11246641 | L46: 1 | M46: 10010545 | N46: 1 | O46: 9804962.3 | P46: 1 | Q46: 10950434 | R46: 1 | S46: 10193797 | T46: 1 | U46: 9487411.4 | V46: 1 | W46: 8227520.2 | X46: 1 | Y46: 9071256.4 | Z46: 1 | AA46: 9505480.5 | AB46: 1 | AC46: 10056920 | AD46: 1 | AE46: 11558441 | AF46: 1 | AG46: 9728317.7 | AH46: 1 | AI46: 7820276.7 | AJ46: 1 | AK46: 10445644 | AL46: 1 | AM46: 9251451.2 | AN46: 1 | AO46: 10918639 | AP46: 1 | AQ46: 13862503 | AR46: 1 | AS46: 10159460 | AT46: 1 | AU46: 8796526.3 | AV46: 1 | AW46: 7697702.5 | AX46: 1 | AY46: 11232178 | AZ46: 1 | BA46: 11795160 | BB46: 1 | BC46: 15168822 | BD46: 1 | BE46: 11834097 | BF46: 1 | BG46: 14501796 | BH46: 1 | BI46: 13408854 | BJ46: 1 | BK46: 9830650.4 | BL46: 1 | BM46: 7462013.9 | BN46: 1 | BO46: 7215261.9 | BP46: 1 | BQ46: 7906955.5 | BR46: 1 | BS46: 6974336 | BT46: 1 | BU46: 6331260 | BV46: 1 | BW46: 9307819.8 | BX46: 1 | BY46: 9891282.6 | BZ46: 1 | CA46: 10599053 | CB46: 1 | CC46: 8738205.9 | CD46: 1 | CE46: 10445637 | CF46: 1 | CG46: 10442140 | CH46: 1 | CI46: 8353522.1 | CJ46: 1 | CK46: 6532481 | CL46: 1 | CM46: 6058509.7 | CN46: 1 | CO46: 7884258.3 | CP46: 1 | CQ46: 7667083.5 | CR46: 1 | CS46: 7121841.6 | CT46: 1 | CU46: 11833446 | CV46: 1 | CW46: 11324360 | CX46: 1 | CY46: 10565466 | CZ46: 1 | DA46: 12119237 | DB46: 1 | DC46: 10984359 | DD46: 1 | DE46: 9505277.2 | DF46: 1 | DG46: 9395805.4 | DH46: 1 | DI46: 9253885 | DJ46: 1 | DK46: 6585094 | DL46: 1 | DM46: 9135900.9 | DN46: 1 | DO46: 5561197.5 | DP46: 1 | DQ46: 6942352.4 | DR46: 1 | DS46: 9307813.9 | DT46: 1 | DU46: 9450017.1 | DV46: 1 | DW46: 9352815.5 | DX46: 1 | DY46: 10102567 | DZ46: 1 | EA46: 8905046.7 | EB46: 1 | EC46: 6900290.7 | ED46: 1 | EE46: 8276840.8 | EF46: 1 | EG46: 7209254.4 | EH46: 1 | EI46: 6178167.2 | EJ46: 1 | EK46: 5718039.4 | EL46: 1 | EM46: 5693245.6 | EN46: 1 | EO46: 8036030 | EP46: 1 | EQ46: 10598081 | ER46: 1 | ES46: =SUM(ES39:ES45) -> 9633881.6 | ET46: =ES46/ES46 -> 1 | EU46: =IF( SUM($EQ46:ES46)<0, "n/a", SUM($EQ46:ES46)/EU$74) -> 10115982 | EV46: =EU46/EU46 -> 1
B47: CPU (Lolita) | C47: 4253349 | E47: 3777964.4 | G47: 6095560.4 | I47: 5528249.8 | K47: 10516652 | M47: 10707692 | O47: 10577279 | Q47: 8063773.3 | S47: 7610774.5 | U47: 9684156.7 | W47: 8310580 | Y47: 5229777.2 | AA47: 5597013.9 | AC47: 3100560.1 | AE47: 6267194.4 | AG47: 7892457.6 | AI47: 10858486 | AK47: 7495956.3 | AM47: 6906910.1 | AO47: 8378960 | AQ47: 7180522.8 | AS47: 7492781 | AU47: 5689537.7 | AW47: 5351256.6 | AY47: 4424536.1 | BA47: 4304996.7 | BC47: 6713843.7 | BE47: 9825218.9 | BG47: 9860133.1 | BI47: 6335937.2 | BK47: 9171567.6 | BM47: 8179200.5 | BO47: 9951815.5 | BQ47: 8435923.6 | BS47: 8028382.2 | BU47: 4674895.4 | BW47: 5046517.8 | BY47: 5588204.5 | CA47: 9483668.4 | CC47: 5121175.1 | CE47: 9769462.6 | CG47: 11095199 | CI47: 9454187.3 | CK47: 9247517.9 | CM47: 9040208.1 | CO47: 9331848.3 | CQ47: 6487979 | CS47: 4532150.1 | CU47: 4357332.4 | CW47: 4945300.6 | CY47: 9194135.9 | DA47: 12012034 | DC47: 10911452 | DE47: 6380148 | DG47: 10161838 | DI47: 8904665.6 | DK47: 10261657 | DM47: 9640993.9 | DO47: 8231069.5 | DQ47: 4882259.6 | DS47: 5612068 | DU47: 5187651.1 | DW47: 9948726.7 | DY47: 10134688 | EA47: 11490815 | EC47: 8985145.8 | EE47: 9360041.7 | EG47: 8031449.1 | EI47: 9073549.6 | EK47: 10238176 | EM47: 6303681.6 | EO47: 4479988.6 | EQ47: 3025705.9 | ES47: =ES14+ES25+ES36 -> 2670095.4 | EU47: =IF( SUM($EQ47:ES47)<0, "n/a", SUM($EQ47:ES47)/EU$74) -> 2847900.6
B48: Wharehouse | C48: 0 | E48: 0 | G48: 0 | I48: 0 | K48: 0 | M48: 0 | O48: 0 | Q48: 0 | S48: 0 | U48: 0 | W48: 0 | Y48: 0 | AA48: 0 | AC48: 0 | AE48: 0 | AG48: 0 | AI48: 0 | AK48: 0 | AM48: 0 | AO48: 0 | AQ48: 0 | AS48: 0 | AU48: 0 | AW48: 0 | AY48: 0 | BA48: 0 | BC48: 0 | BE48: 0 | BG48: 0 | BI48: 0 | BK48: 0 | BM48: 0 | BO48: 0 | BQ48: 0 | BS48: 0 | BU48: 0 | BW48: 0 | BY48: 0 | CA48: 0 | CC48: 0 | CE48: 0 | CG48: 0 | CI48: 0 | CK48: 0 | CM48: 0 | CO48: 0 | CQ48: 0 | CS48: 0 | CU48: 0 | CW48: 0 | CY48: 0 | DA48: 0 | DC48: 0 | DE48: 0 | DG48: 0 | DI48: 0 | DK48: 0 | DM48: 0 | DO48: 0 | DQ48: 0 | DS48: 0 | DU48: 0 | DW48: 0 | DY48: 0 | EA48: 0 | EC48: 0 | EE48: 0 | EG48: 0 | EI48: 0 | EK48: 0 | EM48: 0 | EO48: 0 | EQ48: 0 | ES48: =ES15+ES26+ES37 -> 0 | EU48: =IF( SUM($EQ48:ES48)<0, "n/a", SUM($EQ48:ES48)/EU$74) -> 0
B49: Grand Total | C49: 13421140 | E49: 14772394 | G49: 17876748 | I49: 18243972 | K49: 21763293 | M49: 20718237 | O49: 20382241 | Q49: 19014207 | S49: 17804572 | U49: 19171568 | W49: 16538100 | Y49: 14301034 | AA49: 15102494 | AC49: 13157480 | AE49: 17825635 | AG49: 17620775 | AI49: 18678763 | AK49: 17941600 | AM49: 16158361 | AO49: 19297599 | AQ49: 21043026 | AS49: 17652241 | AU49: 14486064 | AW49: 13048959 | AY49: 15656714 | BA49: 16100157 | BC49: 21882666 | BE49: 21659316 | BG49: 24361929 | BI49: 19744791 | BK49: 19002218 | BM49: 15641214 | BO49: 17167077 | BQ49: 16342879 | BS49: 15002718 | BU49: 11006155 | BW49: 14354338 | BY49: 15479487 | CA49: 20082722 | CC49: 13859381 | CE49: 20215099 | CG49: 21537338 | CI49: 17807709 | CK49: 15779999 | CM49: 15098718 | CO49: 17216107 | CQ49: 14155063 | CS49: 11653992 | CU49: 16190778 | CW49: 16269660 | CY49: 19759602 | DA49: 24131271 | DC49: 21895811 | DE49: 15885425 | DG49: 19557644 | DI49: 18158551 | DK49: 16846751 | DM49: 18776895 | DO49: 13792267 | DQ49: 11824612 | DS49: 14919882 | DU49: 14637668 | DW49: 19301542 | DY49: 20237254 | EA49: 20395862 | EC49: 15885436 | EE49: 17636883 | EG49: 15240704 | EI49: 15251717 | EK49: 15956215 | EM49: 11996927 | EO49: 12516019 | EQ49: 13623786 | ES49: =SUM(ES46:ES48) -> 12303977 | EU49: =IF( SUM($EQ49:ES49)<0, "n/a", SUM($EQ49:ES49)/EU$74) -> 12963882 | EY49: =EY16+EY27+EY38 -> 12303977 | EZ49: =IF(ES49-EY49=0,"OK","CHECK") -> OK
A50: NOTE : | B50: 1. FTL - FULL TRUCK LOAD, LTL - LESS THAN TRUCK LOAD, CPU - CUSTOMER PICK UP | EU50: =IF( SUM($EQ50:ES50)<0, "n/a", SUM($EQ50:ES50)/EU$74) -> 0 | EV50: =EU50/EU57 -> #DIV/0! | EY50: =ES49-EY49 -> 0
B51: 2. The shipping weight is based on AS400 Key-in information including Lolita, Outside Warehouses, and Reconsigned shipments. | EU51: =IF( SUM($EQ51:ES51)<0, "n/a", SUM($EQ51:ES51)/EU$74) -> 0 | EV51: =EU51/EU57 -> #DIV/0!
B52: 3. The total shipping weight did not subtract the return and reconsign shipment(s). | EU52: =IF( SUM($EQ52:ES52)<0, "n/a", SUM($EQ52:ES52)/EU$74) -> 0 | EV52: =EU52/EU57 -> #DIV/0!
EU53: =IF( SUM($EQ53:ES53)<0, "n/a", SUM($EQ53:ES53)/EU$74) -> 0 | EV53: =EU53/EU57 -> #DIV/0!
EU54: =IF( SUM($EQ54:ES54)<0, "n/a", SUM($EQ54:ES54)/EU$74) -> 0 | EV54: =EU54/EU57 -> #DIV/0!
EU55: =IF( SUM($EQ55:ES55)<0, "n/a", SUM($EQ55:ES55)/EU$74) -> 0 | EV55: =EU55/EU57 -> #DIV/0!
EU56: =IF( SUM($EQ56:ES56)<0, "n/a", SUM($EQ56:ES56)/EU$74) -> 0 | EV56: =EU56/EU57 -> #DIV/0!
EU57: =IF( SUM($EQ57:ES57)<0, "n/a", SUM($EQ57:ES57)/EU$74) -> 0 | EV57: =EU57/EU57 -> #DIV/0!
EU58: =IF( SUM($EQ58:ES58)<0, "n/a", SUM($EQ58:ES58)/EU$74) -> 0
EU59: =IF( SUM($EQ59:ES59)<0, "n/a", SUM($EQ59:ES59)/EU$74) -> 0
EU60: =IF( SUM($EQ60:ES60)<0, "n/a", SUM($EQ60:ES60)/EU$74) -> 0
EU61: =IF( SUM($EQ61:ES61)<0, "n/a", SUM($EQ61:ES61)/EU$74) -> 0 | EV61: =EU61/EU68 -> #DIV/0!
EU62: =IF( SUM($EQ62:ES62)<0, "n/a", SUM($EQ62:ES62)/EU$74) -> 0 | EV62: =EU62/EU68 -> #DIV/0!
EU63: =IF( SUM($EQ63:ES63)<0, "n/a", SUM($EQ63:ES63)/EU$74) -> 0 | EV63: =EU63/EU68 -> #DIV/0!
EU64: =IF( SUM($EQ64:ES64)<0, "n/a", SUM($EQ64:ES64)/EU$74) -> 0 | EV64: =EU64/EU68 -> #DIV/0!
EU65: =IF( SUM($EQ65:ES65)<0, "n/a", SUM($EQ65:ES65)/EU$74) -> 0 | EV65: =EU65/EU68 -> #DIV/0!
EU66: =IF( SUM($EQ66:ES66)<0, "n/a", SUM($EQ66:ES66)/EU$74) -> 0 | EV66: =EU66/EU68 -> #DIV/0!
EU67: =IF( SUM($EQ67:ES67)<0, "n/a", SUM($EQ67:ES67)/EU$74) -> 0 | EV67: =EU67/EU68 -> #DIV/0!
EU68: =IF( SUM($EQ68:ES68)<0, "n/a", SUM($EQ68:ES68)/EU$74) -> 0 | EV68: =EU68/EU68 -> #DIV/0!
EU69: =IF( SUM($EQ69:ES69)<0, "n/a", SUM($EQ69:ES69)/EU$74) -> 0
EU70: =IF( SUM($EQ70:ES70)<0, "n/a", SUM($EQ70:ES70)/EU$74) -> 0
EU71: =IF( SUM($EQ71:ES71)<0, "n/a", SUM($EQ71:ES71)/EU$74) -> 0
EU73: # of Mons
EU74: 2

Sheet IBS 
A1: TRANSPORTATION TYPE FOR SHIPPING VOLUME (IBS)
A4: Product | B4: Transportation | C4: 20/01 | E4: 20/02 | G4: 20/03 | I4: 20/04 | K4: 20/05 | M4: 20/06 | O4: 20/07 | Q4: 20/08 | S4: 20/09 | U4: 20/10 | W4: 20/11 | Y4: 20/12 | AA4: 21/01 | AC4: 21/02 | AE4: 21/03 | AG4: 21/04 | AI4: 21/05 | AK4: 21/06 | AM4: 21/07 | AO4: 21/08 | AQ4: 21/09 | AS4: 21/10 | AU4: 21/11 | AW4: 21/12 | AY4: 22/01 | BA4: 22/02 | BC4: 22/03 | BE4: 22/04 | BG4: 22/05 | BI4: 22/06 | BK4: 22/07 | BM4: 22/08 | BO4: 22/09 | BQ4: 22/10 | BS4: 22/11 | BU4: 22/12 | BW4: 23/01 | BY4: 23/02 | CA4: 23/03 | CC4: 23/04 | CE4: 23/05 | CG4: 23/06 | CI4: 23/07 | CK4: 23/08 | CM4: 23/09 | CO4: 23/10 | CQ4: 23/11 | CS4: 23/12 | CU4: 24/01 | CW4: 24/02 | CY4: 24/03 | DA4: 24/04 | DC4: 24/05 | DE4: 24/06 | DG4: 24/07 | DI4: 24/08 | DK4: 24/09 | DM4: 24/10 | DO4: 24/11 | DQ4: 24/12 | DS4: 25/01 | DU4: 25/02 | DW4: 25/03 | DY4: 25/04 | EA4: 25/05 | EC4: 25/06 | EE4: 25/07 | EG4: 25/08 | EI4: 25/09 | EK4: 25/10 | EM4: 25/11 | EO4: 25/12 | EQ4: 26/01 | ES4: =+AM!ES4 -> 26/02 | EU4: 2026 YTD-Avg
B5: Type | C5: Weight | D5: % | E5: Weight | F5: % | G5: Weight | H5: % | I5: Weight | J5: % | K5: Weight | L5: % | M5: Weight | N5: % | O5: Weight | P5: % | Q5: Weight | R5: % | S5: Weight | T5: % | U5: Weight | V5: % | W5: Weight | X5: % | Y5: Weight | Z5: % | AA5: Weight | AB5: % | AC5: Weight | AD5: % | AE5: Weight | AF5: % | AG5: Weight | AH5: % | AI5: Weight | AJ5: % | AK5: Weight | AL5: % | AM5: Weight | AN5: % | AO5: Weight | AP5: % | AQ5: Weight | AR5: % | AS5: Weight | AT5: % | AU5: Weight | AV5: % | AW5: Weight | AX5: % | AY5: Weight | AZ5: % | BA5: Weight | BB5: % | BC5: Weight | BD5: % | BE5: Weight | BF5: % | BG5: Weight | BH5: % | BI5: Weight | BJ5: % | BK5: Weight | BL5: % | BM5: Weight | BN5: % | BO5: Weight | BP5: % | BQ5: Weight | BR5: % | BS5: Weight | BT5: % | BU5: Weight | BV5: % | BW5: Weight | BX5: % | BY5: Weight | BZ5: % | CA5: Weight | CB5: % | CC5: Weight | CD5: % | CE5: Weight | CF5: % | CG5: Weight | CH5: % | CI5: Weight | CJ5: % | CK5: Weight | CL5: % | CM5: Weight | CN5: % | CO5: Weight | CP5: % | CQ5: Weight | CR5: % | CS5: Weight | CT5: % | CU5: Weight | CV5: % | CW5: Weight | CX5: % | CY5: Weight | CZ5: % | DA5: Weight | DB5: % | DC5: Weight | DD5: % | DE5: Weight | DF5: % | DG5: Weight | DH5: % | DI5: Weight | DJ5: % | DK5: Weight | DL5: % | DM5: Weight | DN5: % | DO5: Weight | DP5: % | DQ5: Weight | DR5: % | DS5: Weight | DT5: % | DU5: Weight | DV5: % | DW5: Weight | DX5: % | DY5: Weight | DZ5: % | EA5: Weight | EB5: % | EC5: Weight | ED5: % | EE5: Weight | EF5: % | EG5: Weight | EH5: % | EI5: Weight | EJ5: % | EK5: Weight | EL5: % | EM5: Weight | EN5: % | EO5: Weight | EP5: % | EQ5: Weight | ER5: % | ES5: Weight | ET5: % | EU5: Weight | EV5: % | EX5: Type | FA5: Space
B6: Intermodal | C6: 0 | D6: #DIV/0! | E6: 0 | F6: #DIV/0! | G6: 0 | H6: #DIV/0! | I6: 0 | J6: #DIV/0! | K6: 0 | L6: #DIV/0! | M6: 0 | N6: #DIV/0! | O6: 0 | P6: #DIV/0! | Q6: 0 | R6: #DIV/0! | S6: 0 | T6: #DIV/0! | U6: 0 | V6: #DIV/0! | W6: 0 | X6: #DIV/0! | Y6: 0 | Z6: #DIV/0! | AA6: 0 | AB6: #DIV/0! | AC6: 0 | AD6: #DIV/0! | AE6: 0 | AF6: #DIV/0! | AG6: 0 | AH6: #DIV/0! | AI6: 0 | AJ6: #DIV/0! | AK6: 0 | AL6: #DIV/0! | AM6: 0 | AN6: #DIV/0! | AO6: 0 | AP6: #DIV/0! | AQ6: 0 | AR6: #DIV/0! | AS6: 0 | AT6: #DIV/0! | AU6: 0 | AV6: #DIV/0! | AW6: 0 | AX6: #DIV/0! | AY6: 0 | AZ6: #DIV/0! | BA6: 0 | BB6: #DIV/0! | BC6: 0 | BD6: #DIV/0! | BE6: 0 | BF6: #DIV/0! | BG6: 0 | BH6: #DIV/0! | BI6: 0 | BJ6: #DIV/0! | BK6: 0 | BL6: #DIV/0! | BM6: 0 | BN6: #DIV/0! | BO6: 0 | BP6: #DIV/0! | BQ6: 0 | BR6: #DIV/0! | BS6: 0 | BT6: #DIV/0! | BU6: 0 | BV6: #DIV/0! | BW6: 0 | BX6: #DIV/0! | BY6: 0 | BZ6: #DIV/0! | CA6: 0 | CB6: #DIV/0! | CC6: 0 | CD6: #DIV/0! | CE6: 0 | CF6: #DIV/0! | CG6: 0 | CH6: #DIV/0! | CI6: 0 | CJ6: #DIV/0! | CK6: 0 | CL6: #DIV/0! | CM6: 0 | CN6: #DIV/0! | CO6: 0 | CP6: #DIV/0! | CQ6: 0 | CR6: #DIV/0! | CS6: 0 | CT6: #DIV/0! | CU6: 0 | CV6: #DIV/0! | CW6: 0 | CX6: #DIV/0! | CY6: 0 | CZ6: #DIV/0! | DA6: 0 | DB6: #DIV/0! | DC6: 0 | DD6: #DIV/0! | DE6: 0 | DF6: #DIV/0! | DG6: 0 | DH6: #DIV/0! | DI6: 0 | DJ6: #DIV/0! | DK6: 0 | DL6: #DIV/0! | DM6: 0 | DN6: #DIV/0! | DO6: 0 | DP6: #DIV/0! | DQ6: 0 | DR6: #DIV/0! | DS6: 0 | DT6: #DIV/0! | DU6: 0 | DV6: #DIV/0! | DW6: 0 | DX6: #DIV/0! | DY6: 0 | DZ6: #DIV/0! | EA6: 0 | EB6: #DIV/0! | EC6: 0 | ED6: #DIV/0! | EE6: 0 | EF6: #DIV/0! | EG6: 0 | EH6: #DIV/0! | EI6: 0 | EJ6: #DIV/0! | EK6: 0 | EL6: #DIV/0! | EM6: 0 | EN6: #DIV/0! | EO6: 0 | EP6: #DIV/0! | EQ6: 0 | ER6: #DIV/0! | ES6: =+$EY6 -> 0 | ET6: =ES6/ES13 -> #DIV/0! | EU6: =IF( SUM($EQ6:ES6)<0, "n/a", SUM($EQ6:ES6)/EU$74) -> #DIV/0! | EV6: =EU6/EU13 -> #DIV/0! | EX6: BSTI | EY6: =IF(ISERROR(VLOOKUP(EX6,IQSH01E!$A$1:$M$400,2,0)),0,VLOOKUP(EX6,IQSH01E!$A$1:$M$400,2,0)) -> 0 | FA6: no
B7: FTL | C7: 0 | D7: #DIV/0! | E7: 0 | F7: #DIV/0! | G7: 0 | H7: #DIV/0! | I7: 0 | J7: #DIV/0! | K7: 0 | L7: #DIV/0! | M7: 0 | N7: #DIV/0! | O7: 0 | P7: #DIV/0! | Q7: 0 | R7: #DIV/0! | S7: 0 | T7: #DIV/0! | U7: 0 | V7: #DIV/0! | W7: 0 | X7: #DIV/0! | Y7: 0 | Z7: #DIV/0! | AA7: 0 | AB7: #DIV/0! | AC7: 0 | AD7: #DIV/0! | AE7: 0 | AF7: #DIV/0! | AG7: 0 | AH7: #DIV/0! | AI7: 0 | AJ7: #DIV/0! | AK7: 0 | AL7: #DIV/0! | AM7: 0 | AN7: #DIV/0! | AO7: 0 | AP7: #DIV/0! | AQ7: 0 | AR7: #DIV/0! | AS7: 0 | AT7: #DIV/0! | AU7: 0 | AV7: #DIV/0! | AW7: 0 | AX7: #DIV/0! | AY7: 0 | AZ7: #DIV/0! | BA7: 0 | BB7: #DIV/0! | BC7: 0 | BD7: #DIV/0! | BE7: 0 | BF7: #DIV/0! | BG7: 0 | BH7: #DIV/0! | BI7: 0 | BJ7: #DIV/0! | BK7: 0 | BL7: #DIV/0! | BM7: 0 | BN7: #DIV/0! | BO7: 0 | BP7: #DIV/0! | BQ7: 0 | BR7: #DIV/0! | BS7: 0 | BT7: #DIV/0! | BU7: 0 | BV7: #DIV/0! | BW7: 0 | BX7: #DIV/0! | BY7: 0 | BZ7: #DIV/0! | CA7: 0 | CB7: #DIV/0! | CC7: 0 | CD7: #DIV/0! | CE7: 0 | CF7: #DIV/0! | CG7: 0 | CH7: #DIV/0! | CI7: 0 | CJ7: #DIV/0! | CK7: 0 | CL7: #DIV/0! | CM7: 0 | CN7: #DIV/0! | CO7: 0 | CP7: #DIV/0! | CQ7: 0 | CR7: #DIV/0! | CS7: 0 | CT7: #DIV/0! | CU7: 0 | CV7: #DIV/0! | CW7: 0 | CX7: #DIV/0! | CY7: 0 | CZ7: #DIV/0! | DA7: 0 | DB7: #DIV/0! | DC7: 0 | DD7: #DIV/0! | DE7: 0 | DF7: #DIV/0! | DG7: 0 | DH7: #DIV/0! | DI7: 0 | DJ7: #DIV/0! | DK7: 0 | DL7: #DIV/0! | DM7: 0 | DN7: #DIV/0! | DO7: 0 | DP7: #DIV/0! | DQ7: 0 | DR7: #DIV/0! | DS7: 0 | DT7: #DIV/0! | DU7: 0 | DV7: #DIV/0! | DW7: 0 | DX7: #DIV/0! | DY7: 0 | DZ7: #DIV/0! | EA7: 0 | EB7: #DIV/0! | EC7: 0 | ED7: #DIV/0! | EE7: 0 | EF7: #DIV/0! | EG7: 0 | EH7: #DIV/0! | EI7: 0 | EJ7: #DIV/0! | EK7: 0 | EL7: #DIV/0! | EM7: 0 | EN7: #DIV/0! | EO7: 0 | EP7: #DIV/0! | EQ7: 0 | ER7: #DIV/0! | ES7: =+$EY7 -> 0 | ET7: =ES7/ES13 -> #DIV/0! | EU7: =IF( SUM($EQ7:ES7)<0, "n/a", SUM($EQ7:ES7)/EU$74) -> #DIV/0! | EV7: =EU7/EU13 -> #DIV/0! | EX7: All Others | EY7: =+EY16-EY15-EY14-EY6-EY9-EY10-EY11-EY12-EY8 -> 0
B8: Railcar | C8: 0 | D8: #DIV/0! | E8: 0 | F8: #DIV/0! | G8: 0 | H8: #DIV/0! | I8: 0 | J8: #DIV/0! | K8: 0 | L8: #DIV/0! | M8: 0 | N8: #DIV/0! | O8: 0 | P8: #DIV/0! | Q8: 0 | R8: #DIV/0! | S8: 0 | T8: #DIV/0! | U8: 0 | V8: #DIV/0! | W8: 0 | X8: #DIV/0! | Y8: 0 | Z8: #DIV/0! | AA8: 0 | AB8: #DIV/0! | AC8: 0 | AD8: #DIV/0! | AE8: 0 | AF8: #DIV/0! | AG8: 0 | AH8: #DIV/0! | AI8: 0 | AJ8: #DIV/0! | AK8: 0 | AL8: #DIV/0! | AM8: 0 | AN8: #DIV/0! | AO8: 0 | AP8: #DIV/0! | AQ8: 0 | AR8: #DIV/0! | AS8: 0 | AT8: #DIV/0! | AU8: 0 | AV8: #DIV/0! | AW8: 0 | AX8: #DIV/0! | AY8: 0 | AZ8: #DIV/0! | BA8: 0 | BB8: #DIV/0! | BC8: 0 | BD8: #DIV/0! | BE8: 0 | BF8: #DIV/0! | BG8: 0 | BH8: #DIV/0! | BI8: 0 | BJ8: #DIV/0! | BK8: 0 | BL8: #DIV/0! | BM8: 0 | BN8: #DIV/0! | BO8: 0 | BP8: #DIV/0! | BQ8: 0 | BR8: #DIV/0! | BS8: 0 | BT8: #DIV/0! | BU8: 0 | BV8: #DIV/0! | BW8: 0 | BX8: #DIV/0! | BY8: 0 | BZ8: #DIV/0! | CA8: 0 | CB8: #DIV/0! | CC8: 0 | CD8: #DIV/0! | CE8: 0 | CF8: #DIV/0! | CG8: 0 | CH8: #DIV/0! | CI8: 0 | CJ8: #DIV/0! | CK8: 0 | CL8: #DIV/0! | CM8: 0 | CN8: #DIV/0! | CO8: 0 | CP8: #DIV/0! | CQ8: 0 | CR8: #DIV/0! | CS8: 0 | CT8: #DIV/0! | CU8: 0 | CV8: #DIV/0! | CW8: 0 | CX8: #DIV/0! | CY8: 0 | CZ8: #DIV/0! | DA8: 0 | DB8: #DIV/0! | DC8: 0 | DD8: #DIV/0! | DE8: 0 | DF8: #DIV/0! | DG8: 0 | DH8: #DIV/0! | DI8: 0 | DJ8: #DIV/0! | DK8: 0 | DL8: #DIV/0! | DM8: 0 | DN8: #DIV/0! | DO8: 0 | DP8: #DIV/0! | DQ8: 0 | DR8: #DIV/0! | DS8: 0 | DT8: #DIV/0! | DU8: 0 | DV8: #DIV/0! | DW8: 0 | DX8: #DIV/0! | DY8: 0 | DZ8: #DIV/0! | EA8: 0 | EB8: #DIV/0! | EC8: 0 | ED8: #DIV/0! | EE8: 0 | EF8: #DIV/0! | EG8: 0 | EH8: #DIV/0! | EI8: 0 | EJ8: #DIV/0! | EK8: 0 | EL8: #DIV/0! | EM8: 0 | EN8: #DIV/0! | EO8: 0 | EP8: #DIV/0! | EQ8: 0 | ER8: #DIV/0! | ES8: =+$EY8 -> 0 | ET8: =ES8/ES13 -> #DIV/0! | EU8: =IF( SUM($EQ8:ES8)<0, "n/a", SUM($EQ8:ES8)/EU$74) -> #DIV/0! | EV8: =EU8/EU13 -> #DIV/0! | EX8: BST RC | EY8: =IF(ISERROR(VLOOKUP(EX8,IQSH01E!$A$1:$M$400,2,0)),0,VLOOKUP(EX8,IQSH01E!$A$1:$M$400,2,0)) -> 0 | FA8: 2 spaces
